EMAIL;NOME;CATEGORIA;ANGULO;NICHO;SEGUIDORES;PLATAFORMA;REDE_SOCIAL;MERCADO;LISTA
lupuszin@gmail.com;2quadrinhos;WEBTOON/MANGA;Pitch de webtoon/HQ digital brasileira para comentário, notícia ou review.;Quadrinhos, mangás e notícias de HQ;≈114K YouTube;YouTube;@2quadrinhos;BR;anime_webtoon
kallyenofficial@gmail.com;_Kallyen;WEBTOON/MANGA;;;;YouTube;@_Kallyen;BR;anime_webtoon
takeohq@gmail.com;Alexandre Takeo;WEBTOON/MANGA;Sugerir analise do layout vertical do webtoon e do processo solo de arte e roteiro;Ilustradores e quadrinistas independentes brasileiros;8K;YouTube;@alexandretakeo;BR;anime_webtoon
podcastallblue@gmail.com;All Blue Cast;WEBTOON/MANGA;Oferecer Illusion Fight como webtoon de ação brasileiro com DNA shonen, facções, livros, RPG tático e OST gratuitos.;Anime, mangá e One Piece em português;27 avaliações Apple Podcasts;Podcast / Apple Podcasts;@AllBlueCast;BR;anime_webtoon
animeacademycontato@gmail.com;Anime Academy;WEBTOON/MANGA;Sugerir vídeo de poderes, facções e personagens de Illusion Fight como universo nacional de ação.;Personagens, poderes, rankings e curiosidades de anime;≈100K+;YouTube;@animeacademyoficial;BR;anime_webtoon
contatoanimepoint@gmail.com;Anime Point;WEBTOON/MANGA;Pitch focado na estética anime e no potencial transatlântico da obra criada em São Paulo.;Português — Canais de anime, otaku, geek e cultura pop brasileira;66K;YOUTUBE;@animepointbr;BR;anime_webtoon
contato@animeunited.com.br;Anime United;WEBTOON/MANGA;Enviar release como universo de ação gratuito em português, com webtoon, livros, RPG tático e trilha original.;Anime, mangá, cosplay, light novel e cultura otaku;≈300K+ nas redes;Site / YouTube / Podcast;@animeunitedbr;BR;anime_webtoon
podcastoverdrive@gmail.com;Animes Overdrive;WEBTOON/MANGA;Propor Illusion Fight como universo nacional anime-inspired gratuito, conectando webtoon, livros, RPG tático e trilha sonora.;Animes, mangás e cultura pop asiática;—;Podcast / Apple Podcasts;@overdriveanimes;BR;anime_webtoon
avcastcontato@hotmail.com;AniVacilo;WEBTOON/MANGA;BR;;;Podcast;@anivacilo;BR;anime_webtoon
brunowernerbarros@gmail.com;Bruno Werner;WEBTOON/MANGA;Brazil;;;Linktree;@Werner;BR;anime_webtoon
contatocomercialfar@gmail.com;Canal FAR;WEBTOON/MANGA;Pitchar Illusion Fight como IP nacional gratuita com arte anime e narrativa serializada.;Anime, Pokémon, HQ/mangá e cultura geek;≈100K+;YouTube;@CanalFAR;BR;anime_webtoon
canalmangaq@yahoo.com;Canal MangaQ;WEBTOON/MANGA;Oferecer webtoon e livros como pauta para leitores de shonen/seinen buscando universo gratuito em português.;Mangás, teorias e resumos de obras de ação;≈100K+;YouTube;@CanalMangaQ;BR;anime_webtoon
charleshqs@gmail.com;Charles HQs;WEBTOON/MANGA;Enviar Illusion Fight como HQ/webtoon digital gratuito com estética anime e ação.;Recomendações e reviews de quadrinhos;—;YouTube / Facebook;@CharlesHQs;BR;anime_webtoon
podcast.cdm@gmail.com;Conversa de Mangá Podcast;WEBTOON/MANGA;Propor episódio ou nota sobre webtoon brasileiro gratuito com estrutura shonen e universo expandido.;Mangá, anime e leituras;—;Podcast / Instagram / Apple Podcasts;@cdmcast;BR;anime_webtoon
rogerfg8@gmail.com;Cultura Nerd 23;WEBTOON/MANGA;Oferecer Illusion Fight como universo nacional para público de ação, ninjas, poderes e batalhas.;Anime, Boruto, Naruto e cultura nerd;≈10K–50K;YouTube;@culturanerd23;BR;anime_webtoon
emaildorafaoliveira@gmail.com;Cúpula Cast;WEBTOON/MANGA;Pitchar o webtoon de ação brasileiro e o pacote gratuito com livros, RPG tático e OST como pauta para anime/mangá nacional.;Anime, mangá e cultura otaku;—;Podcast / Site;@cupulatrovao;BR;anime_webtoon
estanteqfala@gmail.com;EstanteQFala;WEBTOON/MANGA;;;;YouTube;@EstanteQFala;BR;anime_webtoon
contato@fliptru.com.br;Fliptru;WEBTOON/MANGA;Propor publicação e divulgação do webtoon de ação gratuito na plataforma, com gancho para RPG, livros e trilha.;Quadrinhos digitais / webcomics brasileiros;N/D;Plataforma de webcomics (fliptru.com.br);@fliptru;BR;anime_webtoon
gabodrawings@gmail.com;GaboDrawings;WEBTOON/MANGA;Brazil;;;Linktree;@gabodrawings;BR;anime_webtoon
gashapodcast@gmail.com;Gasha!;WEBTOON/MANGA;Pitchar Illusion Fight como indicação de universo otaku nacional gratuito para debate no podcast.;Podcast brasileiro sobre anime, mangá e cultura otaku;≈1K–10K;Podcast / Site;@gashapodcast;BR;anime_webtoon
contatogutonu@gmail.com;Guto Nunes;WEBTOON/MANGA;Apresentar o webtoon como obra BR gratuita com estética anime e pacote transmídia.;Anime, mangá, webtoon e novidades;≈3.2K IG;YouTube / Twitch / Instagram;@gutonu;BR;anime_webtoon
contatohoramanhwa@gmail.com;Hora Manhwa;WEBTOON/MANGA;Oferecer Illusion Fight como webtoon de ação gratuito para recomendação, recap ou primeiras impressões.;Recaps e recomendações de manhwa;≈191K YouTube;YouTube;@HoraManhwa;BR;anime_webtoon
hqnoblack@gmail.com;HQnoBlack;WEBTOON/MANGA;Enviar release/preview do webtoon de ação para análise aprofundada, destacando o universo transmídia gratuito.;Análise de quadrinhos e projetos independentes;N/D;Blog / Medium;@hqnoblack;BR;anime_webtoon
intoxicacaoanimentar@gmail.com;IntoxiAnime;WEBTOON/MANGA;Pitchar Illusion Fight como obra brasileira gratuita para público de anime, com capítulos seriados e visual shonen/action.;Animes, light novels, mangás e guias de temporada;≈1.38M YouTube;YouTube / Site;@IntoxiAnime;BR;anime_webtoon
contato@jbox.com.br;JBox;WEBTOON/MANGA;Propor matéria de descoberta sobre IP independente brasileira com estética de anime e acesso gratuito.;Anime, mangá, tokusatsu, cultura pop japonesa;≈50K+ nas redes;Site / Redes sociais;@JBoxNoticias;BR;anime_webtoon
k2bwebtoon@gmail.com;K2B Webtoon;WEBTOON/MANGA;Propor Illusion Fight como case de webtoon brasileiro gratuito expandido para jogo, livros e trilha.;Webtoon, ilustração e criadores;—;YouTube / Webtoon / Concurso;@k2bwebtoon;BR;anime_webtoon
leokitsune@gmail.com;Kitsune da Semana;WEBTOON/MANGA;Pitchar análise de webtoon/mangá BR com adaptações em livro, jogo tático e OST.;Anime, mangá e HQ;≈12K IG;Podcast / Bluesky / Instagram;@leokitsune;BR;anime_webtoon
leegengar@gmail.com;LeeGengar;WEBTOON/MANGA;Abordar pela conexão anime + RPG tático + universo seriado, com potencial para público jovem nerd.;Pokémon, anime, mangá e games;≈100K+;YouTube;@LeeGengar;BR;anime_webtoon
leacrumpton@hotmail.com;loverofpages;WEBTOON/MANGA;;;;YouTube;@loverofpages;BR;anime_webtoon
maisdeoitomil@gmail.com;Mais de Oito Mil;WEBTOON/MANGA;Sugerir pauta crítica sobre obra nacional anime-inspired em formato webtoon, livro, RPG e trilha.;Anime, mangá e cultura japonesa;—;Blog / X;@maisdeoitomil;BR;anime_webtoon
sakusacontact@gmail.com;manu;WEBTOON/MANGA;Brazil;;;YouTube;@mymanuscript_;BR;anime_webtoon
marcoabreu00@gmail.com;Marco Abreu / IntoxiAnime;WEBTOON/MANGA;Abordar como case de criador nacional tentando construir IP de ação em múltiplos formatos.;Anime, novels, análise de mercado otaku;≈1.38M no canal IntoxiAnime;X / Site / YouTube;@marco_abreuu;BR;anime_webtoon
marcusv@substack.com;Marcus Vinicius;WEBTOON/MANGA;Recomendacao na secao indie sobre leitura vertical de webtoon aliada a uma trilha sonora;Newsletters e Substacks brasileiros de games, anime ou fantasia;1.8K;Substack;@marcus_v;BR;anime_webtoon
emiteluz@gmail.com;Mattz Manhwa;WEBTOON/MANGA;E-mail direto confirmado — pitch webtoon de ação gratuito em português;Manhwa, mangá, webtoon e novels em PT-BR;—;YouTube;@MattzManhwa;BR;anime_webtoon
contatomiguellokia@gmail.com;Miguel Loki;WEBTOON/MANGA;Propor primeira impressão do webtoon/livros com foco em ação, mistério e universo gratuito.;Mangá, anime e cultura otaku;≈100K+;YouTube;@MiguelLoki;BR;anime_webtoon
nandatavassi@gmail.com;Nanda Tavassi;WEBTOON/MANGA;Sugerir pauta de obra nacional inspirada em anime com trilha sonora autoral e RPG tático gratuito.;Anime, mangá e cultura pop japonesa;≈100K+;YouTube;@NandaTavassi;BR;anime_webtoon
falecom.omoshiroi@gmail.com;Omoshiroi;WEBTOON/MANGA;Propor episódio/quadros de obras independentes brasileiras influenciadas por anime, com OST e RPG tático.;Anime, mangá e cultura japonesa em podcast;≈1K–10K;Podcast / Instagram / YouTube;@omoshiroicast;BR;anime_webtoon
otacast@gmail.com;Otacast;WEBTOON/MANGA;Propor pauta sobre Illusion Fight como obra brasileira anime-inspired com webtoon, livros, jogo tático e trilha original.;Animes, mangás, games e cultura otaku;—;Podcast / Site;@Otacast;BR;anime_webtoon
otakuzonebusiness@gmail.com;Otaku Zone BR;WEBTOON/MANGA;Pitch destacando a facilidade de acessar o universo pelo celular em illusionfight.com.;Português — Canais de anime, otaku, geek e cultura pop brasileira;61K;YOUTUBE;@otakuzonebr;BR;anime_webtoon
otaminas@gmail.com;Otaminas;WEBTOON/MANGA;Anime, manga, and female otaku perspective;Portuguese;approx 5K;Podcast / Website;@otaminas;BR;anime_webtoon
paponerd011@gmail.com;Papo Nerd;WEBTOON/MANGA;Enviar gancho de obra brasileira de ação para público de anime, com links gratuitos e trilha original.;Anime, Naruto, cultura nerd e TV;≈10K–50K;Instagram / YouTube;@paponerd011;BR;anime_webtoon
comercialplay21@gmail.com;Play21;WEBTOON/MANGA;Pitchar webtoon e livros como nova obra de ação gratuita para audiência de anime no Brasil.;Anime, Boruto, Naruto e conteúdo otaku;≈100K+;YouTube;@Play21;BR;anime_webtoon
falardewebtoon@gmail.com;Pod Falar de Webtoon;WEBTOON/MANGA;Fit perfeito — pitch Illusion Fight como webtoon de ação brasileiro gratuito;Podcast brasileiro 100% dedicado a webtoon;—;Podcast / Site;@falardewebtoon;BR;anime_webtoon
contato@proibidoler.com;Proibido Ler;WEBTOON/MANGA;Literature, comics, and pop culture;Portuguese;approx 50K;Website;@proibidoler;BR;anime_webtoon
senpaicast@gmail.com;SenpaiCast;WEBTOON/MANGA;Pitchar Illusion Fight como universo otaku brasileiro gratuito, combinando webtoon de ação, livros, RPG tático e trilha original.;Animes, mangás, jogos e cultura otaku;—;Podcast / Apple Podcasts;@SenpaiCast;BR;anime_webtoon
silveirajrart@gmail.com;Silveira JR Artworks;WEBTOON/MANGA;;;;Linktree;@silveirajrart;BR;anime_webtoon
sintastein@gmail.com;SINTA STEIN;WEBTOON/MANGA;Brazil;;;Carrd;@sintastein;BR;anime_webtoon
solo2contato@gmail.com;Solo2;WEBTOON/MANGA;Enviar pitch de webtoon de ação com capítulos gratuitos e gancho para recaps em português.;Manhwa recap e ação;—;YouTube;@Solo2;BR;anime_webtoon
contato@sucodemanga.com.br;Suco de Manga;WEBTOON/MANGA;Anime, manga, and Asian pop culture;Portuguese;approx 40K;Website / Instagram;@sucodemanga;BR;anime_webtoon
collabs@tatalifepages.com;tata;WEBTOON/MANGA;;;;YouTube;@tata;BR;anime_webtoon
podcast@animeunited.com.br;UNITEDcast;WEBTOON/MANGA;Propor pauta sobre obras independentes brasileiras com estética de anime e universo transmídia gratuito.;Podcast brasileiro de anime e mangá;≈300K+ nas redes do Anime United;Podcast / Site;@animeunitedbr;BR;anime_webtoon
ursuladorada@gmail.com;Ursula Dorada;WEBTOON/MANGA;Pitch focado no design de personagens, faccoes e estetica cyberpunk/anime de Illusion Fight;Ilustradores e quadrinistas independentes brasileiros;45K;ArtStation;@sula_moon;BR;anime_webtoon
jinvlee0626@gmail.com;VerityisCrazy;WEBTOON/MANGA;;;;YouTube;@VerityisCrazy;BR;anime_webtoon
fazedoresdevoz@gmail.com;Voice Makers;WEBTOON/MANGA;Abordar pelo ângulo de universo de ação com potencial para dublagem, cenas, personagens e trilha original.;Dublagem, paródia, animação e cultura anime;≈1M+;YouTube;@VoiceMakers;BR;anime_webtoon
yasminbrossi@gmail.com;Yasminbrossi;WEBTOON/MANGA;;;;YouTube;@Yasminbrossi;BR;anime_webtoon
camilas.tbr@gmail.com;;;;;;;;BR;book_tube
coletivoleitor@gmail.com;;;;;;;;BR;book_tube
contato.nossasleituras@gmail.com;;;;;;;;BR;book_tube
contato@cabineliteraria.com.br;;;;;;;;BR;book_tube
contato@literaturese.com;;;;;;;;BR;book_tube
contato@pausaparaumcafe.com.br;;;;;;;;BR;book_tube
contato@valkirias.com.br;;;;;;;;BR;book_tube
cronicasdigitaiscontato@gmail.com;;;;;;;;BR;book_tube
cronicasliterarias@gmail.com;;;;;;;;BR;book_tube
delmysc@hotmail.com;;;;;;;;BR;book_tube
editoracyberus@gmail.com;;;;;;;;BR;book_tube
fantastichubprojetos@gmail.com;;;;;;;;BR;book_tube
fantasticursos@gmail.com;;;;;;;;BR;book_tube
felipecastilho@gmail.com;;;;;;;;BR;book_tube
filipepenha@substack.com;;;;;;;;BR;book_tube
gnmanime@gmail.com;;;;;;;;BR;book_tube
kabooktv@gmail.com;;;;;;;;BR;book_tube
leitorcabuloso@gmail.com;;;;;;;;BR;book_tube
leituraviciante@gmail.com;;;;;;;;BR;book_tube
lightnoveluniverso@gmail.com;;;;;;;;BR;book_tube
livrosefuxicos@gmail.com;;;;;;;;BR;book_tube
mafagafochefe@mafagaforevista.com.br;;;;;;;;BR;book_tube
magnakaibr@gmail.com;;;;;;;;BR;book_tube
meacabeideler@gmail.com;;;;;;;;BR;book_tube
papoleitora@gmail.com;;;;;;;;BR;book_tube
pataselivross@gmail.com;;;;;;;;BR;book_tube
resenhasalacarte@gmail.com;;;;;;;;BR;book_tube
sagaliterariabr@gmail.com;;;;;;;;BR;book_tube
shareleituras@gmail.com;;;;;;;;BR;book_tube
sidemar@gmail.com;;;;;;;;BR;book_tube
thiagolee@gmail.com;;;;;;;;BR;book_tube
worldbuildingparatodos@gmail.com;;;;;;;;BR;book_tube
gramikgames@gmail.com;;;;;;;;BR;games_digital_rpg
blogmangatom@gmail.com;;;Pitchar o RPG tático gratuito como indie brasileiro com universo de webtoon, livros e OST, aproveitando o fit de games nacionais e mangá.;Indies brasileiros, mangá, HQs e cultura pop;;;;BR;games_digital_rpg
casualindiegames@gmail.com;;;Como o game une profundidade tática à acessibilidade de rodar direto pelo navegador e sem paywalls.;Português — Revisores de jogos indie / JRPG / SRPG / RPG tático;;;;BR;games_digital_rpg
celso.tito@hotmail.com;;;Solicitar inclusão do RPG tático gratuito na curadoria de indies nacionais, com link da página na Steam e do universo em illusionfight.com.;Curadoria de jogos indie brasileiros no Steam;;;;BR;games_digital_rpg
contato.indieside@gmail.com;;;Oferecer o RPG tático gratuito para primeiras impressões e uma conversa sobre narrativa e design indie nacional.;Indie games, design e narrativa;;;;BR;games_digital_rpg
contato.sdarts@gmail.com;;;;;;;;BR;games_digital_rpg
contato@bonusstage.com.br;;;Indie game features;Portuguese;;;;BR;games_digital_rpg
contato@centralxbox.com.br;;;Console and turn-based strategy gaming;Portuguese;;;;BR;games_digital_rpg
contato@comboinfinito.com.br;;;Enviar release com foco em combate tático, ação e universo gratuito para cobertura em site/canal.;Games, cultura pop, fighting games e entretenimento;;;;BR;games_digital_rpg
contato@criticalhits.com.br;;;Pitchar o RPG tático gratuito e o lore do universo para o público de RPG digital e mesa;RPG, cultura nerd, games;;;;BR;games_digital_rpg
contato@gameaudio.academy;;;Lead com as 36 trilhas originais e como a música sustenta o RPG tático e a narrativa.;Áudio dinâmico, trilhas sonoras e música para games;;;;BR;games_digital_rpg
contato@gameblast.com.br;;;Enviar release do RPG tático gratuito e destacar a integração com 36 trilhas, livros e webtoon.;Games multiplataforma, colunas, análises e cultura gamer;;;;BR;games_digital_rpg
contato@gamerlab.com.br;;;Análise dos sistemas de progressão de atributos e árvore de habilidades no RPG hexagonal;Tactical RPG, JRPG, SRPG, strategy;;;;BR;games_digital_rpg
contato@gamerpoint.com.br;;;Análise das inovações que jogos táticos independentes trazem em relação aos AAA;Indie game press, blogs, newsletters;;;;BR;games_digital_rpg
contato@gamerspace.com.br;;;Review independente focado na dedicação de 23 anos do desenvolvedor solo;Indie game press, blogs, newsletters;;;;BR;games_digital_rpg
contato@gamerview.com.br;;;Foco na gameplay em grade hexagonal e na distribuição gratuita de todo o conteúdo;Indie game press, blogs, newsletters;;;;BR;games_digital_rpg
contato@jogoveio.com.br;;;Retro gaming and turn-based mechanics;Portuguese;;;;BR;games_digital_rpg
contato@leveelgg.com.br;;;Sugerir campanha com streamers pequenos para testar o RPG e divulgar o universo gratuito.;Streamers, jogos indies brasileiros e comunidade gamer;;;;BR;games_digital_rpg
contato@manualdosgames.com;;;Gaming news and reviews;Portuguese;;;;BR;games_digital_rpg
contato@nintendoblast.com.br;;;Strategy, RPGs, and Nintendo-adjacent titles;Portuguese;;;;BR;games_digital_rpg
contato@overloadr.com.br;;;Sugerir pauta sobre RPG tático gratuito brasileiro com webtoon, livros e trilha autoral como projeto transmídia independente.;Jornalismo e crítica de games;;;;BR;games_digital_rpg
contato@sidaodogame.com.br;;;Enviar pitch de jogo gratuito com apelo visual de anime, combate tático e trilha original para vídeo de descoberta gamer.;Gameplay, notícias e reviews de games;;;;BR;games_digital_rpg
contato@warpzone.me;;;Abordar pela mistura de RPG tático, trilha original e construção de universo como material editorial.;Games retrô, cultura gamer, livros e revistas;;;;BR;games_digital_rpg
contatosavagecast@gmail.com;;;Apresentar Illusion Fight como universo gratuito com potencial para adaptação/mesa e combate tático.;RPG solo, cultura RPG e comunidade brasileira;;;;BR;games_digital_rpg
dadoscriticos@email.com;;;BR;;;;;BR;games_digital_rpg
dropsdejogos@gmail.com;;;Oferecer pauta sobre Illusion Fight como IP brasileira gratuita unindo jogo tático, ficção, webtoon e música.;Games, indies, cultura lúdica e tecnologia;;;;BR;games_digital_rpg
dungeongeekbr@gmail.com;;;Tactical games & TTRPG;Portuguese;;;;BR;games_digital_rpg
gamedevclubbr@gmail.com;;;Um estudo de caso fascinante sobre perseverança e marketing solo no Brasil ao longo de duas décadas.;Português — Imprensa indie, blogs de nicho, newsletters;;;;BR;games_digital_rpg
gamesensebr@gmail.com;;;Propor pauta sobre design de combate tático em grid e narrativa transmídia (webtoon, livros, OST) de um IP independente brasileiro.;Game studies, design e narrativa;;;;BR;games_digital_rpg
gilliard@gmail.com;;;Tactical RPG / Game Dev;Portuguese;;;;BR;games_digital_rpg
glauberrocha@substack.com;;;Pitch focado no modelo transmidia de 23 anos construido por um dev solo nacional;Newsletters e Substacks brasileiros de games, anime ou fantasia;;;;BR;games_digital_rpg
grupobeljogos@gmail.com;;;Propor pauta sobre Illusion Fight como projeto nacional gratuito de RPG tático e universo de ação.;Jogos brasileiros, indies e entrevistas com devs;;;;BR;games_digital_rpg
guildadosgamers@gmail.com;;;Turn-based strategy hubs;Portuguese;;;;BR;games_digital_rpg
imprensa@abragames.org;;;Enviar release institucional destacando o ecossistema construido pelo co-fundador da Nuntius;Associacoes e entidades do setor de games brasileiro;;;;BR;games_digital_rpg
indieplaybr@gmail.com;;;Independent game exploration;Portuguese;;;;BR;games_digital_rpg
jogoscomleite@gmail.com;;;Pitchar Illusion Fight pelo lado tático hex-grid e design de combate, com trilha e universo gratuito para público lúdico.;Jogos de tabuleiro, entrevistas com designers e cultura lúdica;;;;BR;games_digital_rpg
lancandodados@gmail.com;;;Propor divulgação como recurso gratuito de mundo, trilha e personagens para RPGistas.;Comunidade e streaming de RPG;;;;BR;games_digital_rpg
lobitogaming@gmail.com;;;Angola geek scene direct PT outreach, free transmedia universe bundle;Indie Games, Strategy RPGs;;;;BR;games_digital_rpg
lucspdm2001@gmail.com;;;Oferecer chave/link gratuito para first look do RPG tático e mostrar o gancho dos livros/webtoon.;Indies, descobertas e jogos fora do mainstream;;;;BR;games_digital_rpg
nextlevel@rpgnext.com.br;;;Estamos divulgando Illusion Fight, que combina RPG tático com webtoon e trilha sonora. Seria incrível ter sua análise detalhada sobre as mecânicas de hexágono.;RPG Tático;;;;BR;games_digital_rpg
nicocanal.contato@gmail.com;;;Apresentar Illusion Fight como RPG tático com leitura retrô/estratégica e universo completo gratuito em português.;Reviews, jogos clássicos e lançamentos;;;;BR;games_digital_rpg
playerpablobr@gmail.com;;;Enviar release do RPG tático gratuito com foco em ação, narrativa e trilha para cobertura de games nacionais.;Notícias e gameplay de games;;;;BR;games_digital_rpg
radarindie@gmail.com;;;Pitch com o ângulo do desenvolvedor solo veterano criando uma enorme IP independente em SP.;Português — Imprensa indie, blogs de nicho, newsletters e plataformas de descoberta de jogos brasileiros;;;;BR;games_digital_rpg
redacao@gameblast.com.br;;;Game reviews & news;Portuguese;;;;BR;games_digital_rpg
redacao@meups.com.br;;;"Enviar apenas se houver build/plataforma adequada; destacar RPG tático, trilha original e narrativa de ação.";Games, PlayStation e cultura gamer;;;;BR;games_digital_rpg
redacao@playstationblast.com.br;;;Gancho sobre a influência de SRPGs clássicos no sistema de combate de Illusion Fight;Tactical RPG, JRPG, SRPG, strategy;;;;BR;games_digital_rpg
regradacasa@gmail.com;;;Pitchar Illusion Fight como worldbuilding gratuito com conflitos táticos e trilha para mesas.;RPG old school, dungeon e design;;;;BR;games_digital_rpg
rollcastrpg@gmail.com;;;Lead com trilha original e narrativa seriada para um universo de ação que pode render conversa sobre audio drama/RPG.;Áudio drama de RPG e narrativa sonorizada;;;;BR;games_digital_rpg
saotomegamers@gmail.com;;;Direct PT outreach from Brazilian creator, free webtoon and hex RPG;Indie Games, Mobile Culture;;;;BR;games_digital_rpg
shinobigamerbr@gmail.com;;;Otaku & tactical games;Portuguese;;;;BR;games_digital_rpg
srkiqs.live@gmail.com;;;Oferecer o RPG tático hex-grid gratuito para primeiras impressões, lives e cortes com foco em combate e progressão.;Gameplay de jogos indie, RPGs e táticos;;;;BR;games_digital_rpg
sussuworld@gmail.com;;;Retro & Indie games;Portuguese;;;;BR;games_digital_rpg
tavernadoelfo@gmail.com;;;TTRPG & worldbuilding;Portuguese;;;;BR;games_digital_rpg
thainajrpg@gmail.com;;;Abordar o jogo como RPG tático com DNA de JRPG/anime, combate por turnos e acesso gratuito em PT-BR.;JRPGs, RPGs e cultura gamer;;;;BR;games_digital_rpg
thegamerinsidebrasil@gmail.com;;;Propor destaque em notícias de jogos nacionais: RPG tático gratuito conectado a webtoon, livros e OST.;Indústria nacional e jogos brasileiros;;;;BR;games_digital_rpg
vantagemgamer@gmail.com;;;Análise técnica da grade hexagonal e balanceamento tático criado de forma solo.;Português — Revisores de jogos indie / JRPG / SRPG / RPG tático;;;;BR;games_digital_rpg
avozdashqs@gmail.com;A Voz das HQs / Ministério dos Quadrinhos;;Pitchar Illusion Fight como webtoon/HQ digital brasileira gratuita com estética de ação e expansão para livros, RPG e trilha.;Quadrinhos, HQs, resenhas e comentários;—;Podcast / YouTube;;BR;imprensa_grande
contato@azmina.com.br;AzMina Magazine;;Abordar Illusion Fight como universo gratuito que dialoga com público amplo e diverso;Cultura pop, entretenimento feminino;≈10K;Site / Redes sociais;;BR;imprensa_grande
cafecartumpodcast@gmail.com;Café Cartum;;Oferecer entrevista ou pauta sobre criação de webtoon nacional com RPG tático e OST.;Cartum, quadrinhos e entrevistas;—;Podcast / YouTube;;BR;imprensa_grande
contato@chippu.com.br;Chippu;;Enviar release com gancho de cultura pop nacional e acesso gratuito para experimentar todas as mídias.;Cinema, séries, cultura pop, animes e entretenimento;≈100K+;Site / Redes sociais;;BR;imprensa_grande
faleconosco@cinemacomrapadura.com.br;Cinema com Rapadura;;Pitchar pelo ângulo de storytelling, universo original e trilha sonora como projeto transmídia nacional.;Cinema, séries, cultura pop e podcasts;≈100K+;Site / Podcast / YouTube;;BR;imprensa_grande
coletivo.bulhufas@gmail.com;Coletivo Bulhufas;;Brazil;;;Carrd;;BR;imprensa_grande
cosplayarte@gmail.com;Cosplay & Arte;;Os personagens de Illusion Fight têm visuais incríveis. Gostaríamos de ver sua interpretação em cosplay e divulgar em nossas redes.;Cosplay;≈14.000;Instagram;;BR;imprensa_grande
contato@cosplaybrasil.com.br;Cosplay Brasil;;Abordar pelo design visual dos personagens e facções como inspiração para cosplayers e artistas.;Cosplay, cultura nerd, arte;≈10K-50K;Site / Redes sociais;;BR;imprensa_grande
felipevinha@gmail.com;Felipe Vinha;;Analise critica da distribuicao gratuita sem barreiras e o passado do dev em grandes franquias;Newsletters e Substacks brasileiros de games, anime ou fantasia;3K;Substack;;BR;imprensa_grande
filiped@gmail.com;Filipe (CONTATO OURO) ⭐;;CONTATO OURO — prioridade máxima. Abordar pessoalmente com respeito e cuidado. Universo gratuito, múltiplas mídias, potencial de parceria de longo prazo.;Contato prioritário — influenciador/parceiro estratégico;—;YouTube / Pessoal;;BR;imprensa_grande
press@finalfaqs.com.br;Final Faqs Games Magazine;;Enviar release com foco em RPG por turnos/tático grátis e guia de entrada no universo Illusion Fight.;Notícias, guias e jogos indie;—;Site;;BR;imprensa_grande
oi.gametrends@gmail.com;Game Trends (START UOL);;Enviar release curto do lançamento gratuito (RPG tático + webtoon + livros + OST) como nota de descoberta de IP nacional.;Jornalismo e notícias de games;N/D;Podcast (START / UOL);;BR;imprensa_grande
dolemes@gamereporter.com.br;GameReporter;;Enviar release do RPG tático gratuito com foco em jogo nacional, combate hex-grid e pacote transmídia gratuito.;Games independentes, jogos nacionais e produção de games;—;Site;;BR;imprensa_grande
contato@gamerscore.com.br;Gamerscore Brasil;;Pautar o projeto como lançamento indie gratuito com estratégia em turnos, narrativa seriada e trilha original.;Análises, notícias e opinião sobre games;—;Site / X;;BR;imprensa_grande
contato@geekpopnews.com.br;Geek Pop News;;Pop culture and indie media;Portuguese;approx 12K;Website;;BR;imprensa_grande
gibizilla@gmail.com;Gibizilla;;Propor resenha do webtoon e do pacote transmídia gratuito para leitores de HQ e mangá.;HQs, mangás e cultura pop;—;Site / Podcast / Facebook;;BR;imprensa_grande
info@hypeplay.com.br;Hype Play;;Pitchar Illusion Fight como universo gratuito para cobertura de anime + games + cultura pop.;Games, anime, cinema, tecnologia e cultura geek;≈10K+;Site / Redes sociais;;BR;imprensa_grande
contato@imperiogeek.com.br;Império Geek;;Chamada para os leitores descobrirem o universo sem barreiras financeiras de entrada;Anime, otaku, geek, pop culture;≈32K;Linktree;;BR;imprensa_grande
comercial@jovemnerd.com.br;Jovem Nerd;;Pitchar como universo brasileiro gratuito com potencial para pauta de criatividade, worldbuilding e cultura pop.;Cultura nerd, podcasts, games, livros, HQs e entretenimento;≈5M+ nas redes;Site / Podcast / YouTube;;BR;imprensa_grande
maisqinerds@gmail.com;Mais QI Nerds;;Propor pauta sobre RPG tático, narrativa e universo gratuito para o público nerd;Cultura nerd, podcasts, RPG;≈1K-10K;Podcast / Site;;BR;imprensa_grande
nerdextremocontato@gmail.com;Nerd Extremo;;Apresentar a grandiosidade de um ecossistema transmídia completo e totalmente gratuito feito em SP.;Português — Criadores de conteúdo de cultura nerd e geek geral;46K;YOUTUBE;;BR;imprensa_grande
contato@nerdxoficial.com.br;NerdX Oficial;;Pauta cruzada: webtoon, RPG tático, livros e trilha como IP nerd brasileira gratuita.;Cultura nerd, games e anime;—;Site;;BR;imprensa_grande
comercial@omelete.com.br;Omelete;;Abordar como lançamento de IP nacional gratuito com quatro frentes de consumo e estética anime.;Cultura pop, cinema, séries, animes, games, HQs e música;≈10M+ nas redes;Site / YouTube / Redes sociais;;BR;imprensa_grande
papodequadrinho@gmail.com;Papo de Quadrinho;;Pauta de quadrinho/webtoon independente brasileiro com jogo, livros e trilha gratuitos.;Jornalismo e podcast de HQs;≈4K FB;Site / Podcast / Facebook;;BR;imprensa_grande
pedro.zambarda@gmail.com;Pedro Zambarda;;Abordar o impacto de veteranos da industria nacional liderando projetos autorais independentes;Associacoes e entidades do setor de games brasileiro;25K;Site;;BR;imprensa_grande
contato@pipocaenanquim.com.br;Pipoca & Nanquim;;Apresentar o webtoon de ação gratuito como projeto nacional transmídia com RPG e trilha sonora.;Quadrinhos, cultura pop, webtoon;≈1.5M;YouTube / Site;;BR;imprensa_grande
contato@pixelnerd.com.br;Pixel Nerd;;Crossover entre jogos independentes e quadrinhos em um site de cultura pop;Anime, otaku, geek, pop culture;≈7K;Beacons;;BR;imprensa_grande
contato@poltronanerd.com.br;Poltrona Nerd;;Enviar nota de lançamento destacando ação, trilha sonora e formato gratuito multiplataforma.;Cinema, séries, cultura pop, games e eventos;≈50K+;Site / Redes sociais;;BR;imprensa_grande
pontogeekcontato@gmail.com;Ponto Geek;;Pitch focado no impressionante marco de um criador solo lançando um ecossistema transmídia grátis.;Português — Criadores de conteúdo de cultura nerd e geek geral;50K;YOUTUBE;;BR;imprensa_grande
pontonerdcontato@gmail.com;Ponto Nerd;;Pitch focado no impressionante feito de um criador solo lançando um universo completo de graça.;Português — Criadores de conteúdo de cultura nerd e geek geral;49K;YOUTUBE;;BR;imprensa_grande
contato@ps3brasil.com;PSX Brasil;;Pitch como RPG tático gratuito com narrativa de ação e OST para público de RPG e jogos anime-adjacent.;Notícias, análises e guias PlayStation;≈94K FB;Site / X / Facebook;;BR;imprensa_grande
radargeekcontato@gmail.com;Radar Geek;;Divulgação da plataforma illusionfight.com como exemplo de projeto independente nacional grandioso.;Português — Criadores de conteúdo de cultura nerd e geek geral;39K;YOUTUBE;;BR;imprensa_grande
contato@cinematorio.com.br;Renato Silveira;;Abordar a experiencia cinematografica do universo atraves de suas 36 faixas musicais;Jornalistas e redatores de cultura geek em veiculos brasileiros menores;40K;Website;;BR;imprensa_grande
contato@universohq.com;Universo HQ;;Enviar release do webtoon e destacar que é quadrinho digital gratuito com expansão para livros, RPG e OST.;Quadrinhos, HQs, webcomics, ilustração e cultura pop;≈50K+;Site / Podcast;;BR;imprensa_grande
contatouniversoparalelo@gmail.com;Universo Paralelo Geek;;Uma jornada de 23 anos resumida em um ecossistema transmídia completo e gratuito baseado em SP.;Português — Criadores de conteúdo de cultura nerd e geek geral;76K;YOUTUBE;;BR;imprensa_grande
contato@xboxpower.com.br;Xbox Power;;Enviar release do RPG tático gratuito destacando combate por turnos, universo de ação e assets de imprensa.;Notícias e análises Xbox;—;Site / Facebook;;BR;imprensa_grande
zinebrasil@gmail.com;Zine Brasil;;Enviar o webtoon como HQ nacional digital gratuita com IP transmídia e apelo de ação.;Quadrinhos nacionais e super-heróis brasileiros;≈8.7K assinantes;Site / Blog / YouTube;;BR;imprensa_grande
contato@zonageek.com.br;Zona Geek;;Recomendação do combo transmídia: ler os livros ouvindo a OST e jogando o RPG tático;Anime, otaku, geek, pop culture;≈15K;Beacons;;BR;imprensa_grande
contato@garagemdonerd.com.br;;;;;;;;BR;nicho_especial
contato@mapinguanerd.com.br;;;;;;;;BR;nicho_especial
contato@resenhandosonhos.com;;;;;;;;BR;nicho_especial
leticia.perani@ufjf.br;;;;;;;;BR;nicho_especial
marcelo.vasques@fatec.sp.gov.br;;;;;;;;BR;nicho_especial
nerdficina@gmail.com;;;;;;;;BR;nicho_especial
sonoplastiagamer@gmail.com;;;;;;;;BR;nicho_especial
news@4gamers.com.tw;4Gamers Taiwan;PRESS;Pitch free anime-inspired webtoon and tactical RPG with OST;Taiwanese gaming/esports press;-;Website;@4gamers_tw;INT;bloco01_EN_PRESS_IMPRENSA-01
wescotta@gmail.com;Adam Wescott;GAMES;"criticism Personalized pitch for manga/webtoon and tactical RPG criticism; emphasize free access and 23-year solo project PRESS";;23-;Website;@wendeego;INT;bloco01_EN_PRESS_IMPRENSA-01
media@amanz.my;Amanz;GAMES;, and geek culture portal Offer a n-language tech/geek angle on a free webtoon-plus-game universe built independently over 23 years. PRESS Malaysia;;23;Website;@amanz;INT;bloco01_EN_PRESS_IMPRENSA-01
victor.martinez@anaitgames.com;AnaitGames / Victor Martinez;Present the project as an independent rarity: tactical RPG;indies and culture media;Video game criticism;~32K X;Website/Podcast;@anaitgames;INT;bloco01_EN_PRESS_IMPRENSA-01
newsroom@animenewsnetwork.com;Anime News Network;PRESS;Largest EN anime news - covers webtoon crossovers;Anime/manga news;—;Website;@anime;INT;bloco01_EN_PRESS_IMPRENSA-01
uk-news@animenewsnetwork.com;Anime News Network (UK);PRESS;UK-specific submissions for anime-inspired webtoon;Anime/manga news;-;Website;@animenewsnetwork;INT;bloco01_EN_PRESS_IMPRENSA-01
news@appmarketinglabo.net;App Marketing Labo;PRESS;Frame Illusion Fight as 23-year solo creator case study spanning free game/webtoon/books/OST;Japanese app/game marketing and creator case-study blog;-;Website / Blog;@appmarkelabo;INT;bloco01_EN_PRESS_IMPRENSA-01
press@automaton.am;Automaton;webtoon;Pitch solo-developed free action universe spanning tactical RPG;Japanese indie games press;-;Website;@automaton_jp;INT;bloco01_EN_PRESS_IMPRENSA-01
popculturect@gmail.com;Cape Town Pop Culture TV;PRESS;African market outreach;English — Cape Town Pop Culture TV;25K;YOUTUBE;@ctpopculture;INT;bloco01_EN_PRESS_IMPRENSA-01
shilin@shilin.net;Carciphona;WEBTOON/MANGA;Pitch as a 23-year solo transmedia project with an original webtoon and 36-track soundtrack;English — Webtoon and Manga Art Production;≈15.5K;YOUTUBE;@carciphona;INT;bloco01_EN_PRESS_IMPRENSA-01
yuki@ciga.me;CiGA (China indie game alliance);GAMES;Pitch free tactical RPG as indie-game discovery and solo-creator case for Chinese indie community;Chinese indie game alliance and media cooperation;-;Community / Event;@CiGAindiegame;INT;bloco01_EN_PRESS_IMPRENSA-01
my.comicuniverse@gmail.com;Comic Universe Malaysia;WEBTOON/MANGA;Independent martial-arts/action webtoon with an extensive transmedia package;English — WEBTOON/MANGA;≈33K;YOUTUBE;@comicuniverse_my;INT;bloco01_EN_PRESS_IMPRENSA-01
web@comunidadxbox.com;Comunidad Xbox;GAMES;Pitch of tactical RPG as free-to-play indie discovery with complete narrative universe;Xbox community and press in Spanish;-;Website/Podcast;@ComunidadXbox;INT;bloco01_EN_PRESS_IMPRENSA-01
tips@destructoid.com;Destructoid;GAMES;"Submit press release with fun hook as they request; highlight indie tactical RPG";Indie Gaming / RPGs;established 2006;Website;@destructoid;INT;bloco01_EN_PRESS_IMPRENSA-01
webmaster@deusexmachina.es;Deus Ex Machina;GAMES;Creative process pitch: free transmedia work created over 23 years by solo author;Cultural video game criticism and indies;-;Magazine / web;@DeusExMachinaVG;INT;bloco01_EN_PRESS_IMPRENSA-01
prensa@devuego.es;DeVuego;Send angle of free tactical game made by single creator with webtoon;indies and press releases;Spanish video games;-;Web / database;@DeVuego;INT;bloco01_EN_PRESS_IMPRENSA-01
redaccion@devuego.es;DeVuego Blog;"Specialized in Spanish development; review and promotion of national indie games";Indie game press Spain;;5000;Blog;@devuego;INT;bloco01_EN_PRESS_IMPRENSA-01
pr@dualshockers.com;DualShockers;GAMES;Webtoon cross-media synergy appeal;Gaming, Anime, and Manga Culture;800K+;Website;@DualShockers;INT;bloco01_EN_PRESS_IMPRENSA-01
prensa@eurogamer.es;Eurogamer Espana;PRESS;Press release about free tactical game and transmedia universe created by solo dev in 23 years;Spanish video game press;-;Web;@eurogamer_es;INT;bloco01_EN_PRESS_IMPRENSA-01
press@fangoria.com;Fangoria;PRESS;Perfect for darker LDI lore;Horror/dark fantasy;—;Magazine/Web;@fangoria;INT;bloco01_EN_PRESS_IMPRENSA-01
rahkhan@chosun.com;Game Chosun;PRESS;Pitch free tactical RPG and transmedia universe;Korean gaming news;-;Website;@gamechosun;INT;bloco01_EN_PRESS_IMPRENSA-01
release@gamebiz.jp;gamebiz;English welcome;Indie game internacional;International indie press;—;Website;@gamebiz;INT;bloco01_EN_PRESS_IMPRENSA-01
pr@gamebrott.com;Gamebrott;GAMES;Pitch free tactical RPG and solo-built transmedia universe for Indonesian game readers;Indonesian gaming, esports, and tech media;~404K Facebook;Website / YouTube / Facebook;@gamebrott;INT;bloco01_EN_PRESS_IMPRENSA-01
media@gamedaim.com;Gamedaim;PRESS;Pitch free tactical RPG and webtoon/book universe;Indonesian gaming community;-;Website;@gamedaim;INT;bloco01_EN_PRESS_IMPRENSA-01
simon@gamediscover.co;GameDiscoverCo;PRESS;Case de lancamento free-to-play com transmedia — angulo de dados;Analise de descoberta de jogos Steam;50K+;Newsletter/Substack;@simoncarless;INT;bloco01_EN_PRESS_IMPRENSA-01
pr@gameluster.com;GameLuster;GAMES;36-track original soundtrack and lore ties;Gaming News and Editorial Pieces;40K+;Website;@GameLuster;INT;bloco01_EN_PRESS_IMPRENSA-01
mecadesk@gamemeca.com;GameMeca;PRESS;Pitch free tactical hex-grid RPG and transmedia universe;Korean gaming news;-;Website;@gamemeca;INT;bloco01_EN_PRESS_IMPRENSA-01
press@gamer.ne.jp;Gamer;GAMES;Free tactical hex-grid RPG with webtoon, book series, and 36-track OST as Japanese game-news discovery;Japanese game news, reviews and releases;-;Website;@gamer_ne_jp;INT;bloco01_EN_PRESS_IMPRENSA-01
pr@gamerescape.com;Gamer Escape;GAMES;Transmedia worldbuilding continuity exploration;RPG and MMO Lore Focus;120K+;Website;@GamerEscape;INT;bloco01_EN_PRESS_IMPRENSA-01
press@gamer555.com;Gamer555;webtoon;Send press release highlighting free tactical RPG;Thai games news and reviews;-;Website / Social;@Gamer555;INT;bloco01_EN_PRESS_IMPRENSA-01
pr@gamerant.com;GameRant;books;Submit press release: free transmedia indie action universe spanning webtoon;Gaming news/reviews;;YouTube;@GamerantOfficial;INT;bloco01_EN_PRESS_IMPRENSA-01
news@gameres.com;GameRes;PRESS;Submit industry-style pitch about solo developer building free game/webtoon/books/OST ecosystem;Chinese game industry media;-;Website;@GameRes;INT;bloco01_EN_PRESS_IMPRENSA-01
po@gamersky.com;Gamersky;PRESS;Pitch free tactical RPG and transmedia universe;Chinese gaming news;-;Website;@gamersky;INT;bloco01_EN_PRESS_IMPRENSA-01
press@gamerwk.com;GamerWK;webtoon;Offer Illusion Fight as free tactical RPG with anime-style factions;Indonesian gaming and Japanese pop-culture media;~70K Facebook;Website / YouTube / TikTok;@gamerwk_id;INT;bloco01_EN_PRESS_IMPRENSA-01
news@gamesindustry.biz;GamesIndustry.biz;GAMES;Notícias da indústria de games;Game business press;—;Web;@GIBiz;INT;bloco01_EN_PRESS_IMPRENSA-01
news@gamespot.com;GameSpot;books;Submit press release: free transmedia indie action universe spanning webtoon;Gaming news/reviews/guides;;YouTube;@gamespot;INT;bloco01_EN_PRESS_IMPRENSA-01
pnet21@gametoc.co.kr;GameToc;PRESS;Pitch solo-creator story and free tactical RPG with anime-inspired webtoon and books;Korean game news, reviews, and interviews;-;Website;@gametoc;INT;bloco01_EN_PRESS_IMPRENSA-01
ricky@pbesi.org;GGWP.ID;PRESS;Pitch free indie tactical RPG and transmedia universe;Indonesian gaming/geek culture;-;Website;@ggwpid;INT;bloco01_EN_PRESS_IMPRENSA-01
media@god.in.th;God.in.th;PRESS;Pitch free indie tactical RPG and webtoon/book universe;Thai gaming community;-;Website;@godinth;INT;bloco01_EN_PRESS_IMPRENSA-01
pr@hardcoregamer.com;Hardcore Gamer;GAMES;Transmedia action universe narrative depth;Indie RPGs and Gaming Culture;500K+;Website;@HardcoreGamer;INT;bloco01_EN_PRESS_IMPRENSA-01
press@indiecomixdispatch.com;Indie Comix Dispatch;game;Submit a press release around Illusion Fight as a free indie webtoon universe expanding into books;Independent comics news and press releases;≈10K;Website / Magazine;@indiecomixdispatch;INT;bloco01_EN_PRESS_IMPRENSA-01
press@nexting.co.jp;Indiebase;books;Pitch free tactical hex-grid RPG as Japanese indie-game discovery with webtoon;Japanese indie game press and indie discovery;-;Website;@indiebase_jp;INT;bloco01_EN_PRESS_IMPRENSA-01
press@indiegamesjapan.com;indiegamesjapan;GAMES;Offer Illusion Fight as free indie tactical RPG with solo-dev transmedia story;Japanese indie game news and discovery site;-;Website;@indiegamesjpn;INT;bloco01_EN_PRESS_IMPRENSA-01
redaksi@indogamers.com;Indogamers;PRESS;Pitch free action webtoon and tactical RPG with OST;Indonesian gaming press;-;Website;@indogamers;INT;bloco01_EN_PRESS_IMPRENSA-01
release@inside-games.jp;Inside Games;book series;Pitch free indie tactical RPG with webtoon;Japanese gaming press;-;Website;@inside_games;INT;bloco01_EN_PRESS_IMPRENSA-01
tips@kotaku.com;Kotaku;books;Submit press release: free transmedia indie action universe spanning webtoon;Gaming/geek culture news;;YouTube;@Kotaku;INT;bloco01_EN_PRESS_IMPRENSA-01
lavozdeljuego@gmail.com;La Voz del Juego;Press release about free indie project with webtoon;Press / Video games;;~4K;Web;@lavozdeljuego;INT;bloco01_EN_PRESS_IMPRENSA-01
somedumbcatleo@gmail.com;LeoTsubasa;GAMES;Lead with the free tactical hex-grid RPG and invite first impressions or stream discovery GAMES;;;YouTube;@leotsubasa;INT;bloco01_EN_PRESS_IMPRENSA-01
lucidintohell@gmail.com;LUCIDINTOHELL;GAMES;, video essays, creative writing Offer a video-essay/discovery angle about a free 23-year solo-built action universe across four media WEBTOON/MANGA;;23-;YouTube;@lucidintohell;INT;bloco01_EN_PRESS_IMPRENSA-01
lyonsoqueer@gmail.com;Lyon So Queer;BOOKS;, tactical RPG, and OST for a queer podcast PRESS FR;;;Podcast;@lyonsoqueer;INT;bloco01_EN_PRESS_IMPRENSA-01
mangabound@gmail.com;Manga Bound;WEBTOON/MANGA;Low-friction reading choice: free transmedia universe at illusionfight.com;English — Manga/Webtoon Reading Vlogs;≈41K;YOUTUBE;@MangaBound;INT;bloco01_EN_PRESS_IMPRENSA-01
mangacapsule@gmail.com;Manga Capsule;WEBTOON/MANGA;Pitch free action webtoon universe with transmedia books/RPG;Manga and Webtoon recaps;5100;YouTube;@MangaCapsule;INT;bloco01_EN_PRESS_IMPRENSA-01
mangadeepdive@gmail.com;Manga Deep Dive;WEBTOON/MANGA;Character design progression and transmedia worldbuilding architecture;English — Manga & Manhwa Analysis;≈50K;YOUTUBE;@MangaDeepDive;INT;bloco01_EN_PRESS_IMPRENSA-01
prensa@meristation.com;Meristation;PRESS;"Free tactical game and transmedia universe; indie development angle and no-cost access";Spanish video game press;-;Web;@meristation;INT;bloco01_EN_PRESS_IMPRENSA-01
webnews@metro.co.uk;Metro GameCentral (UK);PRESS;"Free indie tactical RPG + soundtrack; UK gaming audience; indie dev story";UK gaming/entertainment press;~200K UK readers;Website;MetroUK;INT;bloco01_EN_PRESS_IMPRENSA-01
mbr@execpc.com;Midwest Book Review;BOOKS;Pitch the free English SFF book series as indie/small-press review material with digital access.;Small press and independent book reviews;-;Website / Review publications;-;INT;bloco01_EN_PRESS_IMPRENSA-01
news@mygameon.my;MyGameOn;GAMES;Pitch free tactical RPG and anime-style webtoon/book universe for Malaysian gamers;Malaysian gaming, esports, anime, and community media;-;Website / YouTube / Facebook;@mygameondotmy;INT;bloco01_EN_PRESS_IMPRENSA-01
popculturenaija@gmail.com;Naija Pop Culture TV;PRESS;Introduce the cross-media project spanning webtoons, gaming, books, and music.;English — General nerd and pop culture;41K;YOUTUBE;@naijapopculture;INT;bloco01_EN_PRESS_IMPRENSA-01
quinn.hall@newgamenetwork.com;New Game Network;GAMES;"Submit the free tactical RPG for review; emphasize the solo creator and transmedia world.";Indie and AAA game reviews;-;Website;@newgamenetwork;INT;bloco01_EN_PRESS_IMPRENSA-01
redaccion@niveloculto.com;Nivel Oculto;Pitch of free universe + tactical hex-grid RPG for indie/author perspective;video game essay and development culture;Indie press;-;Web / podcast;@niveloculto;INT;bloco01_EN_PRESS_IMPRENSA-01
pr@noisypixel.net;Noisy Pixel;PRESS;Tactical RPG + webtoon + book + OST;Games + manga + anime;—;Website;@NoisyPixelNews;INT;bloco01_EN_PRESS_IMPRENSA-01
otakuhubph@gmail.com;Otaku Hub Philippines;WEBTOON/MANGA;Anime faction configuration maps inside a completely free 4-part media ecosystem;English — WEBTOON/MANGA;≈26K;YOUTUBE;@otakuhub_ph;INT;bloco01_EN_PRESS_IMPRENSA-01
otakusymphony@gmail.com;Otaku Symphony;GAMES;Highlight the 36-track original score composed for the transmedia project;VGM and Anime OST covers/analysis;1800;YouTube;@OtakuSymphony;INT;bloco01_EN_PRESS_IMPRENSA-01
otakuworldmx@gmail.com;Otaku World MX;WEBTOON/MANGA;Transmedia bundle feature: webtoon, game, and 36-track OST;Anime and manga pop culture;≈52K;YOUTUBE;@otakuworldmx;INT;bloco01_EN_PRESS_IMPRENSA-01
tips@pcgamer.com;PC Gamer;PRESS;Dicas e press releases;PC gaming;—;Website;@pcgamer;INT;bloco01_EN_PRESS_IMPRENSA-01
submissions@pinoygaming.net;Pinoy Gaming Network;PRESS;Pitch free action webtoon and tactical RPG;Filipino gaming community;-;Website;@pinoygaming;INT;bloco01_EN_PRESS_IMPRENSA-01
pipedreamcomicsuk@gmail.com;Pipedream Comics;Send a webtoon-first review pitch highlighting free digital access;small press and digital comics;Indie;827 Facebook;Website / X / Instagram;@pipedreamcomics;INT;bloco01_EN_PRESS_IMPRENSA-01
pixelnordic@gmail.com;Pixel Nordic;GAMES;Solo dev 23-year transmedia universe package;English — Indie game showcases and reviews;≈15K;YOUTUBE;@PixelNordic;INT;bloco01_EN_PRESS_IMPRENSA-01
reviews@pocketgamer.co.uk;Pocket Gamer;review pitch;UK mobile gaming press;Mobile/indie games;-;Website;@pocketgamer;INT;bloco01_EN_PRESS_IMPRENSA-01
paige.cook@steelmedianetwork.com;PocketGamer.biz (Paige Cook);book series and tactical RPG;Free action universe spans webtoon (mobile-native);Deputy Editor at PocketGamer.biz - mobile gaming;B2B mobile gaming;Website;@Paige_Cook_;INT;bloco01_EN_PRESS_IMPRENSA-01
tips@polygon.com;Polygon;books;Submit press release: free transmedia indie action universe spanning webtoon;Gaming/comics/pop culture;;YouTube;@Polygon;INT;bloco01_EN_PRESS_IMPRENSA-01
news@polygon.com;Polygon Tips;PRESS;Solo developer transmedia infrastructure design;Gaming, Comics, and Entertainment;5M+;Website;@Polygon;INT;bloco01_EN_PRESS_IMPRENSA-01
pophubin@gmail.com;Pop Culture Hub India;PRESS;Inspirational solo dev narrative: Building a free transmedia cosmos over 23 years;English — PRESS;≈49K;YOUTUBE;@popculture_in;INT;bloco01_EN_PRESS_IMPRENSA-01
ramenreviewer@gmail.com;Ramen Reviewer;WEBTOON/MANGA;Focus on indie manga and webtoon reviews with cross-media appeal;Anime/Manga Review Channel;3200;YouTube;@RamenReviewer;INT;bloco01_EN_PRESS_IMPRENSA-01
retroreviews1999@gmail.com;Retro Reviews Comics;BOOKS;, and OST as cross-media hooks. WEBTOON/MANGA;;1999;YouTube;@retro_1999;INT;bloco01_EN_PRESS_IMPRENSA-01
news@sciencefiction.com;ScienceFictionCom;PRESS;Cross-media bridge between prose and webcomic;Speculative Fiction Coverage;150K+;Website;@SciFiDotCom;INT;bloco01_EN_PRESS_IMPRENSA-01
pr@screenrant.com;ScreenRant;books;Submit press release: free transmedia indie action universe spanning webtoon;Movies/TV/comics/gaming news;;YouTube;@ScreenRant;INT;bloco01_EN_PRESS_IMPRENSA-01
news@shelf-awareness.com;Shelf Awareness;PRESS;Essential daily book industry newsletter;Book trade news;70K+ subscribers;Newsletter;@ShelfAwareness;INT;bloco01_EN_PRESS_IMPRENSA-01
sipnspinpod@gmail.com;sipnspinpodcast;PRESS;;;;Podcast;@sipnspinpodcast;INT;bloco01_EN_PRESS_IMPRENSA-01
srilankageek@gmail.com;Sri Lanka Geek Collective;GAMES;Sri Lanka fluent English geek scene, free transmedia action bundle;Geek Culture, Anime, Gaming;29K;YouTube;@srilankageek;INT;bloco01_EN_PRESS_IMPRENSA-01
quest@story.com.au;Story Quest AU;BOOKS;Narrative books;Free universe cross-media story;≈12K;YouTube;@storyquestau;INT;bloco01_EN_PRESS_IMPRENSA-01
tabletoptunespod@gmail.com;Tabletop Tunes;GAMES;Lead with the free tactical hex-grid RPG and transmedia universe (webtoon + books + 36-track OST) as a unique angle for their TTRPG-focused audience.;TTRPG improv musical podcast;;Podcast;@tabletoptunespod;INT;bloco01_EN_PRESS_IMPRENSA-01
theanimepanel@gmail.com;The Anime Panel;WEBTOON/MANGA;Crossover appeal of an independent transmedia universe with zero barrier;English — Anime & Manga Culture Discussions;≈33K;YOUTUBE;@TheAnimePanelYT;INT;bloco01_EN_PRESS_IMPRENSA-01
theanimepodcast@gmail.com;The Anime Podcast;WEBTOON/MANGA;Solo dev 23-year journey, free transmedia world webtoon + RPG + 36-track OST;English — Anime and manga podcast shows;≈50K;PODCAST;@animepodcast;INT;bloco01_EN_PRESS_IMPRENSA-01
thechapterhouse@gmail.com;The Chapter House;BOOKS;Immediate free digital access across multiple device configurations;English — Fantasy & YA Reading Communities;≈19K;YOUTUBE;@TheChapterHouseYT;INT;bloco01_EN_PRESS_IMPRENSA-01
thefantasyhive@gmail.com;The Fantasy Hive;BOOKS;Author spotlight centering on transmedia writing processes for independent creators;Indie Fantasy Worldbuilding;12K;YOUTUBE;@TheFantasyHive;INT;bloco01_EN_PRESS_IMPRENSA-01
thefantasyshelf@gmail.com;The Fantasy Shelf;BOOKS;Epic fantasy book series with transmedia depth;English — Fantasy BookTube reviews;≈18K;YOUTUBE;@TheFantasyShelf;INT;bloco01_EN_PRESS_IMPRENSA-01
lightnovelcafe@gmail.com;The Light Novel Café;BOOKS;Pitch the transmedia book series paired with a visual webtoon;Light novel and web novel community;4800;YouTube;@LNCafe;INT;bloco01_EN_PRESS_IMPRENSA-01
lightnovelhub@gmail.com;The Light Novel Hub;BOOKS;Transmedia bridge from prose to action webtoon;English — Light novel & web novel reviews;≈18K;YOUTUBE;@TheLightNovelHub;INT;bloco01_EN_PRESS_IMPRENSA-01
themidcoregamer@gmail.com;The Midcore Gamer;GAMES;"Send a free key for the tactical RPG; highlight the deep combat and free transmedia extras.";Indie and strategy game reviews;-;Steam Curator;@themidcoregamer;INT;bloco01_EN_PRESS_IMPRENSA-01
novelexploreryt@gmail.com;The Novel Explorer;BOOKS;Transmedia universe spanning books & webtoon;English — Light novel and web novel content;≈18K;YOUTUBE;@TheNovelExplorer;INT;bloco01_EN_PRESS_IMPRENSA-01
novelsanctuary@gmail.com;The Novel Sanctuary;BOOKS;Transmedia bridge: book series to action webtoon;English — Light novel & web novel reviews;≈18K;YOUTUBE;@TheNovelSanctuary;INT;bloco01_EN_PRESS_IMPRENSA-01
news@tigthai.com;This Is Game Thailand;PRESS;Pitch free anime-inspired webtoon and tactical RPG with OST;Thai gaming press;-;Website;@thisisgameth;INT;bloco01_EN_PRESS_IMPRENSA-01
pr@grabbermedia.com;ThisIsGame;PRESS;Pitch free action RPG and transmedia story;Korean gaming press;-;Website;@thisisgame;INT;bloco01_EN_PRESS_IMPRENSA-01
tips@toucharcade.com;TouchArcade;PRESS;(Shutting down but still active);Mobile games;—;Web;@toucharcade;INT;bloco01_EN_PRESS_IMPRENSA-01
udngame@udngroup.com.tw;udn Game Corner;PRESS;Pitch free anime-style action universe with webtoon, tactical RPG, books, and music;Taiwan ACG news, game/anime criticism, and fandom;~193K Facebook;Website / Social;@udngame;INT;bloco01_EN_PRESS_IMPRENSA-01
webtoonhorizon@gmail.com;Webtoon Horizon Gulf;WEBTOON/MANGA;Transmedia ecosystem approach over two decades;English — Digital indie comics, storytelling;≈28K;YOUTUBE;@WebtoonHorizon;INT;bloco01_EN_PRESS_IMPRENSA-01
webtoonpress@webtoon.com;WEBTOON Press;PRESS;Pitch para cobertura editorial da plataforma;Webtoon platform press/media;—;Platform;—;INT;bloco01_EN_PRESS_IMPRENSA-01
press@gamevu.co.kr;ゲームビュー / GameVU;GAMES;, IT, PC/mobile/console reviews and news Send a Korean-market release pitch for the free tactical RPG and the wider webtoon/books/OST universe. GAMES;;;Website;;INT;bloco01_EN_PRESS_IMPRENSA-01
twacgr2022@gmail.com;台灣ACG研究學會 —  / Facebook / Conference community;GAMES;, and transmedia culture community Offer Illusion Fight as a cross-media ACG case study: webtoon, books, tactical RPG, and soundtrack from one creator. WEBTOON/MANGA;;2022;Website;;INT;bloco01_EN_PRESS_IMPRENSA-01
3djuegos-redaccion@webedia-group.com;3DJuegos (Press);PRESS;Submit press release targeting RPG and Strategy coverage;Largest Spanish gaming website covering all platforms;Major site;Website (Webedia);@3DJuegos;INT;bloco01_EN_PRESS_IMPRENSA-02
acghk2026.pr@gmail.com;ACGHK;PRESS;Pitch the free transmedia IP for Hong Kong ACG event and community consideration;Hong Kong anime, comics, games, and fandom event;-;Convention / Website;@acghk;INT;bloco01_EN_PRESS_IMPRENSA-02
adventuresinscifipublishing@gmail.com;Adventures in SciFi Publishing;reviews;indie/small press release listings;SFF podcast;Niche SFF audience;Podcast / Website / Newsletter;@AISFP;INT;bloco01_EN_PRESS_IMPRENSA-02
alainotaku@gmail.com;Al Ain Otaku Circle;WEBTOON/MANGA;Free anime-style action transmedia starter pack;Arabic/English — Shonen manga tier lists, webcomics;≈59K;YOUTUBE;@AlAinOtaku;INT;bloco01_EN_PRESS_IMPRENSA-02
info@awn.com;Animation World Network;visual effects;independent animation;Animation news;Large animation-industry audience;Website / Newsletter;@animationworld;INT;bloco01_EN_PRESS_IMPRENSA-02
advertising@animenewsnetwork.com;Anime News Network (Advertising);PRESS;Explore ad/promotional partnership to reach anime/manga reader demographic;Anime Industry Advertising;largest anime news;Website;@animenewsnetwork;INT;bloco01_EN_PRESS_IMPRENSA-02
editors@animenewsnetwork.com;Anime News Network (Editors);PRESS;Pitch the webtoon series to editorial team for news/feature consideration;Anime / Manga Industry News;largest anime news;Website;@animenewsnetwork;INT;bloco01_EN_PRESS_IMPRENSA-02
info@arsgames.net;ArsGames;"Newsletter and web with indie game reviews; Spanish-speaking audience";Indie games newsletter;;2000;Web/Newsletter;@arsgames;INT;bloco01_EN_PRESS_IMPRENSA-02
alberto.defa@prowell.media;Atomix / Alberto Desfassiaux;books and original soundtrack;Editorial pitch about free tactical RPG with anime DNA;Mexican video game press and gamer culture;-;Website;@Atomix;INT;bloco01_EN_PRESS_IMPRENSA-02
beyondthepanel@gmail.com;Beyond the Panel;WEBTOON/MANGA;Review copy pitch focusing on the transmedia webtoon + book link;English — Graphic Novel & Indie Comic Reviews;≈11K;YOUTUBE;@BeyondThePanel;INT;bloco01_EN_PRESS_IMPRENSA-02
bitharmony@gmail.com;Bit Harmony: A Videogame Music Podcast;GAMES;"VGM podcast exploring human expression through game music; pitch OST + emotional score.";Video Game Music Podcast;800;Podcast;@BitHarmony;INT;bloco01_EN_PRESS_IMPRENSA-02
brandonchen997@gmail.com;Brandon Chen;WEBTOON/MANGA;Indie manga/webtoon produção + free transmedia;Manga/webtoon creator education;≈240K;YouTube;@BrandonChen;INT;bloco01_EN_PRESS_IMPRENSA-02
hello@buried-treasure.org;Buried Treasure;book series;Pitch Illusion Fight as a free tactical RPG hidden gem with a full webtoon;Hidden-gem indie games and overlooked releases;≈15K;Website / Newsletter / X;@game_treasure;INT;bloco01_EN_PRESS_IMPRENSA-02
cclreviews@gmail.com;Comic Con Lagos Reviews;PRESS;A 23-year solo labor of love from Brazil bringing a free transmedia universe to African nerds.;English — General nerd and pop culture;19K;YOUTUBE;@ccl_reviews;INT;bloco01_EN_PRESS_IMPRENSA-02
info@comiccrusaders.com;Comic Crusaders;WEBTOON/MANGA;Transmedia webcomic with soundtrack element;Indie Comic Book Culture;40K+;Website;@ComicCrusaders;INT;bloco01_EN_PRESS_IMPRENSA-02
comicdrake@gmail.com;Comic Drake;WEBTOON/MANGA;DIY solo creator spending 23 years building a free transmedia ecosystem;English — Comic Book & Webcomic History;≈600K;YOUTUBE;@ComicDrake;INT;bloco01_EN_PRESS_IMPRENSA-02
gaming@comicbook.com;ComicBook Gaming;PRESS;Webtoon layout paired with tactical hex battle;Crossover Interactive Media;3M+;Website;@ComicBook;INT;bloco01_EN_PRESS_IMPRENSA-02
johanna@comicsworthreading.com;Comics Worth Reading;WEBTOON/MANGA;Submit the webtoon and book series as an indie transmedia project for review consideration.;Comic and graphic novel reviews;-;Blog;@comicsworthreading;INT;bloco01_EN_PRESS_IMPRENSA-02
contacto@culturageek.com.mx;Cultura Geek Mexico;Geek culture;Geek culture/press;;10000;Web;@cultrageekmx;INT;bloco01_EN_PRESS_IMPRENSA-02
dol.release@kadokawa.jp;Dengeki Online;PRESS;Pitch free anime-inspired action webtoon and tactical RPG with 36-track OST;Japanese gaming/anime press;-;Website;@dengekionline;INT;bloco01_EN_PRESS_IMPRENSA-02
doopeinfo@gmail.com;doope!;GAMES;Free tactical RPG and solo-developed transmedia action universe with indie discovery angle;Japanese game news and game culture;-;Website;@doope_jp;INT;bloco01_EN_PRESS_IMPRENSA-02
contact@droidsans.com;DroidSans;BOOKS;, and OST in one place. PRESS;;;YouTube;@droidsans;INT;bloco01_EN_PRESS_IMPRENSA-02
dcc.business@gmail.com;Dubai Comic Corner;WEBTOON/MANGA;Creator-owned webtoon project with transmedia extensions;English — Independent comics, graphic novels, and webtoon culture;≈55K;YOUTUBE;@DubaiComicCorner;INT;bloco01_EN_PRESS_IMPRENSA-02
elgameroculto@gmail.com;El Gamer Oculto;GAMES;Free turn-based tactical game with webtoon background. First impressions for indie channel.;Indie / Strategy;~4.5K;YouTube;@elgameroculto;INT;bloco01_EN_PRESS_IMPRENSA-02
epicfantasytavern@gmail.com;Epic Fantasy Tavern;BOOKS;High-stakes action book series free release;English — Fantasy book reviews & worldbuilding;≈13K;YOUTUBE;@EpicFantasyTavern;INT;bloco01_EN_PRESS_IMPRENSA-02
kgl-famitsu-release@ml.kadokawa.jp;Famitsu;webtoon;Pitch free transmedia indie universe with tactical RPG;Japanese gaming press;-;Website;@famitsu;INT;bloco01_EN_PRESS_IMPRENSA-02
advertising@fangoria.com;Fangoria (Advertising);PRESS;Explore ad/promotional partnership for the dark fantasy brand;Horror Culture Advertising Partnership;established 1979;Magazine / Website;@fangoria;INT;bloco01_EN_PRESS_IMPRENSA-02
editorial@fangoria.com;Fangoria (Editorial);PRESS;Pitch the grimdark/dark fantasy angle of the universe for feature coverage;Horror / Dark Fantasy Culture;established 1979;Magazine / Website;@fangoria;INT;bloco01_EN_PRESS_IMPRENSA-02
info@fangoria.com;Fangoria (Info);PRESS;General press introduction for the dark fantasy universe;Horror / Dark Fantasy General Inquiries;established 1979;Magazine / Website;@fangoria;INT;bloco01_EN_PRESS_IMPRENSA-02
fantasiacifi@gmail.com;Fantasiacifi;BOOKS;Pitch of free fantasy saga and author transmedia project;Fantastic literature and science fiction;-;Blog / X;@fantasiacifi;INT;bloco01_EN_PRESS_IMPRENSA-02
fantasybookph@gmail.com;Fantasy Book Tube PH;BOOKS;Free fantasy/SFF novel series with direct cross-media action webtoon art;English — BOOKS;≈18K;YOUTUBE;@fantasybooktube_ph;INT;bloco01_EN_PRESS_IMPRENSA-02
ebooks+magazine@forewordreviews.com;Foreword Reviews;BOOKS;Submit the SFF book series review package and highlight the free cross-media universe.;Indie book reviews and publishing coverage;300K readers annually;Magazine / Website;@forewordreviews;INT;bloco01_EN_PRESS_IMPRENSA-02
hi@youxiputao.com;Game Grape;PRESS;Pitch free transmedia indie project and solo creator journey;Chinese game industry press;-;Website;@youxiputao;INT;bloco01_EN_PRESS_IMPRENSA-02
game-watch@impress.co.jp;Game Watch;PRESS;Pitch free tactical hex-grid RPG and transmedia universe;Japanese gaming news;-;Website;@games_watch;INT;bloco01_EN_PRESS_IMPRENSA-02
info@gamewriter.jp;Game Writer Community;PRESS;Pitch solo-developer production story and invite coverage or writer interest;Japanese games-only news and game writer community;-;Website / Community;@gamewriterjp;INT;bloco01_EN_PRESS_IMPRENSA-02
gamededcompany@gmail.com;Game-Ded;PRESS;Pitch free tactical RPG and transmedia universe;Thai gaming press;-;Website;@gameded;INT;bloco01_EN_PRESS_IMPRENSA-02
contact@game8.vn;Game8 Vietnam;PRESS;Pitch free action webtoon and tactical RPG with OST;Vietnamese gaming press;-;Website;@game8_vn;INT;bloco01_EN_PRESS_IMPRENSA-02
gameland@vthmedia.com;GameLand;PRESS;Pitch free indie tactical RPG and transmedia story;Vietnamese gaming press;-;Website;@gamelandvn;INT;bloco01_EN_PRESS_IMPRENSA-02
eric@gamelook.com.cn;GameLook;PRESS;Frame Illusion Fight as cross-media indie production case: free tactical RPG/webtoon/books/OST;Chinese game industry news;-;Website;@GameLook;INT;bloco01_EN_PRESS_IMPRENSA-02
advertising@digitalbraves.com;Gamer Santai (Ad);PRESS;Offer Malay-market feature or review on free RPG plus webtoon/books/OST project;Malaysian gaming, anime/manga, esports, and tech media;~71K Facebook;Website / Facebook / Instagram;@GamerSantaiMY;INT;bloco01_EN_PRESS_IMPRENSA-02
hiring@gamerbraves.com;GamerBraves;PRESS;Pitch free tactical RPG and transmedia universe;Malaysian gaming press;-;Website;@gamerbraves;INT;bloco01_EN_PRESS_IMPRENSA-02
contacto@gamerfocus.co;GamerFocus;Pitch free tactical RPG as indie discovery for Colombian gamer readers;anime and pop culture media;Colombian video game;-;Website;@GamerFocus;INT;bloco01_EN_PRESS_IMPRENSA-02
casey@gamersheroes.com;Gamers Heroes;PRESS;We love indies! - formal submission;Gaming news/reviews;—;Website;@GamersHeroes;INT;bloco01_EN_PRESS_IMPRENSA-02
inbox@gamespress.com;GamesPress;Press release formal com screenshots + trailer;Press release wire;;—;Website;@gamespress;INT;bloco01_EN_PRESS_IMPRENSA-02
geeknz@gmail.com;Gaming Geek NZ;PRESS;Geek culture press;Solo dev 23-year project story;≈8K;YouTube;@gaminggeeknz;INT;bloco01_EN_PRESS_IMPRENSA-02
daya@gamingnewslab.com;GamingNewsLab;PRESS;Pitch free tactical RPG and transmedia universe;Indian gaming news;-;Website;@gamingnewslab;INT;bloco01_EN_PRESS_IMPRENSA-02
abing@gcores.com;Gcores;PRESS;Pitch free action universe and 23-year solo development story;Chinese geek culture press;-;Website;@gcores;INT;bloco01_EN_PRESS_IMPRENSA-02
geekcultureph@gmail.com;Geek Culture Philippines;PRESS;Cross-media ecosystem launch story from solo Brazilian creator;English / Tagalog — Geek Fandom News;≈23K;YOUTUBE;@GeekCulturePH;INT;bloco01_EN_PRESS_IMPRENSA-02
haven@geek.com.au;Geek Haven AU;PRESS;Geek culture press;Full transmedia indie universe;≈18K;YouTube;@geekhavenau;INT;bloco01_EN_PRESS_IMPRENSA-02
editor@geeknative.com;Geek Native;PRESS;Transmedia approach to tactical worldbuilding;Pop Culture and Tabletop RPGs;80K+;Website;@GeekNative;INT;bloco01_EN_PRESS_IMPRENSA-02
info@genk.vn;GenK;PRESS;Pitch free tactical RPG and transmedia universe;Vietnamese gaming news;-;Website;@genk_vn;INT;bloco01_EN_PRESS_IMPRENSA-02
contact@godisageek.com;God is a Geek (Editorial);GAMES;Alternative contact for general pitching about the free action universe;UK games press editorial;~80K monthly readers;Website;@godisageek;INT;bloco01_EN_PRESS_IMPRENSA-02
gngulf@gmail.com;Graphic Novel Gulf;WEBTOON/MANGA;Cross-media build case study webtoon + book series;English — Webcomics production, graphic novel critiques;≈22K;YOUTUBE;@GraphicNovelGulf;INT;bloco01_EN_PRESS_IMPRENSA-02
guildmagesforumblog@gmail.com;Guildmages Forum;PRESS;Pitch free webtoon, book series, tactical RPG, and OST for geek culture audience;Blog/gaming culture;-;Blog;@guildmagesforum;INT;bloco01_EN_PRESS_IMPRENSA-02
hobbyconsolas@henneomagazines.com;Hobby Consolas;36-track OST and 23-year development story;Send brief note highlighting free game;Generalist video game and entertainment press;-;Website/Magazine;@hobby_consolas;INT;bloco01_EN_PRESS_IMPRENSA-02
hotgames343@gmail.com;Hot Games;PRESS;Pitch free action webtoon and tactical RPG;Taiwanese gaming/pop culture;-;Website;@hotgames;INT;bloco01_EN_PRESS_IMPRENSA-02
ign_china@ign.com;IGN China;tactical RPG;Pitch free indie action universe with webtoon;Chinese gaming/entertainment press;-;Website;@IGNChina;INT;bloco01_EN_PRESS_IMPRENSA-02
ign_japan@ign.com;IGN Japan;PRESS;Pitch free anime-inspired webtoon and tactical RPG with OST as indie discovery;Japanese gaming/entertainment press;-;Website;@IGNJapan;INT;bloco01_EN_PRESS_IMPRENSA-02
contact@incgmedia.com;InCG Media;PRESS;Pitch character art, faction design, webtoon visuals, and soundtrack as design/process story;CG, animation, game art, and creative submissions;-;Website;@incgmedia;INT;bloco01_EN_PRESS_IMPRENSA-02
interactivecore@gmail.com;Interactive Design Core;GAMES;Preserving text tone and world stability across three discrete platforms;English — Game Writing & Transmedia Loops;≈32K;YOUTUBE;@InteractiveCore;INT;bloco01_EN_PRESS_IMPRENSA-02
interactivedesign@gmail.com;Interactive Design Dept;GAMES;Balancing text density, visual sequential panels, and strategy rules;English — Game Writing & Transmedia Theory;≈26K;YOUTUBE;@InteractiveDesign;INT;bloco01_EN_PRESS_IMPRENSA-02
desk@invenglobal.com;Inven Global;PRESS;Pitch free indie tactical RPG and webtoon/book universe;Korean/international gaming;-;Website;@invenglobal;INT;bloco01_EN_PRESS_IMPRENSA-02
halo@kaorinusantara.or.id;KAORI Nusantara;GAMES;, VTuber, and comics media Lead with the anime-style webtoon and character factions, then mention the free tactical RPG, books, and 36-track OST. WEBTOON/MANGA;;36-;Website;@kaorinusantara;INT;bloco01_EN_PRESS_IMPRENSA-02
aaa@khplus.kr;KH Games;PRESS;Pitch free tactical RPG and webtoon/book universe;Korean gaming/geek culture;-;Website;@khgames;INT;bloco01_EN_PRESS_IMPRENSA-02
kiwiindie@gmail.com;Kiwi Indie Gaming;GAMES;Solo dev journey 23 years;New Zealand indie dev scene + transmedia universe;≈5K;YouTube;@kiwiindiegames;INT;bloco01_EN_PRESS_IMPRENSA-02
info@mangaforever.net;Manga Forever;WEBTOON/MANGA;Global English digital release spotlight;Manga and Manhwa Updates;22K+;Website;@MangaForeverEN;INT;bloco01_EN_PRESS_IMPRENSA-02
creatorhubng@gmail.com;Naija Creator Hub;PRESS;African market outreach;English — Naija Creator Hub;13K;YOUTUBE;@naijacreatorhub;INT;bloco01_EN_PRESS_IMPRENSA-02
info@nerdreactor.com;Nerd Reactor;PRESS;Comprehensive action universe packaging approach;Geek Culture and Fandom News;200K+;Website;@NerdReactor;INT;bloco01_EN_PRESS_IMPRENSA-02
games-information@nme-jp.com;NME Japan Gaming;tactical RPG;Pitch free action webtoon;Japanese geek culture press;-;Website;@nme_jp;INT;bloco01_EN_PRESS_IMPRENSA-02
contact@otakuwire.net;OtakuWire;tactical RPG;Send a press release about the free anime-inspired webtoon;Anime news and culture;-;Website;@otakuwire;INT;bloco01_EN_PRESS_IMPRENSA-02
contact@playfulexperiences.com;Playful Experiences Podcast;GAMES;"Game design podcast; pitch transmedia worldbuilding and interactive narrative.";Game Design & Narrative;1000;Podcast;@PlayfulExperiences;INT;bloco01_EN_PRESS_IMPRENSA-02
aaron.astle@steelmedianetwork.com;PocketGamer.biz (Aaron Astle);PRESS;News-worthy angle: Solo dev launches free tactical RPG + webtoon after 23 years;News Editor at PocketGamer.biz - mobile games;B2B mobile gaming;Website;@aaronastle;INT;bloco01_EN_PRESS_IMPRENSA-02
craig.chapple@steelmedianetwork.com;PocketGamer.biz (Craig Chapple);PRESS;Pitch the mobile-friendly webtoon + game crossover as an indie case study;Head of Content at PocketGamer.biz - mobile games B2B;B2B mobile gaming;Website / Newsletter;@craigchapple;INT;bloco01_EN_PRESS_IMPRENSA-02
contacto@powerups.es;PowerUps;books and OST as a long-running indie universe;Pitch the free hex-grid tactical RPG with webtoon;Indie and retro gaming press in Spanish;~6K X;Website/X;@PowerUps_ES;INT;bloco01_EN_PRESS_IMPRENSA-02
actualplaybookclub@gmail.com;Role Play Review;books;Pitch Illusion Fight as a free story/game package for discussion: webtoon;Actual-play discussion and RPG media review;---;Podcast;@ActualPlayBookClub;INT;bloco01_EN_PRESS_IMPRENSA-02
creatorhubza@gmail.com;SA Creator Hub;PRESS;African market outreach;English — SA Creator Hub;15K;YOUTUBE;@sacreatorhub;INT;bloco01_EN_PRESS_IMPRENSA-02
contacto@salageek.com;Sala Geek;"Geek community with Geeky Weekly newsletter; covers anime";Geek culture/press;;20000;Web/Newsletter;@salageek;INT;bloco01_EN_PRESS_IMPRENSA-02
jkparkin@yahoo.com;Smash Pages (J.K. Parkin);PRESS;Editor - pitch webtoon and creator-owned comics universe with game/book/OST tie-ins;Comics criticism and interviews;-;Website;@smashpages;INT;bloco01_EN_PRESS_IMPRENSA-02
editors@superjumpmagazine.com;SUPERJUMP Magazine;PRESS;Accepts game submissions - indie-friendly;Gaming features/essays;—;Website/Medium;@superjumpmag;INT;bloco01_EN_PRESS_IMPRENSA-02
feedback@swordandlaser.com;Sword and Laser;BOOKS;"Free book series as book club pick; transmedia angle as unique discussion topic";SFF book club and discussion podcast;~25K;Podcast/YouTube;SwordAndLaser;INT;bloco01_EN_PRESS_IMPRENSA-02
contact@tacticon.games;TactiCon;PRESS;Festival de strategy games — fit perfeito;Strategy/tactics games festival;—;Festival/Web;—;INT;bloco01_EN_PRESS_IMPRENSA-02
animehistorian@gmail.com;The Anime Historian;WEBTOON/MANGA;Classic anime action energy meets indie transmedia production;English — Anime History & Lore Essays;≈47K;YOUTUBE;@AnimeHistorian;INT;bloco01_EN_PRESS_IMPRENSA-02
chroniclecorner@gmail.com;The Chronicle Corner;BOOKS;Cross-media worldbuilding structure using books, comics, and games;English — Fantasy Worldbuilding & Reviews;≈24K;YOUTUBE;@ChronicleCorner;INT;bloco01_EN_PRESS_IMPRENSA-02
culture@theguardian.com;The Guardian (Games);global English availability;Newsworthy indie angle: free transmedia universe from Brazilian creator;UK major newspaper games and culture coverage;~2M+ UK readers;Website;guardian;INT;bloco01_EN_PRESS_IMPRENSA-02
info@thenerdstash.com;The Nerd Stash;PRESS;Free transmedia indie production showcase;Gaming and Geek Lifestyles;180K+;Website;@TheNerdStash;INT;bloco01_EN_PRESS_IMPRENSA-02
contacto@vidaextra.com;Vida Extra (General);PRESS;General pitch about free action universe project;Spanish gaming/entertainment general contact;Major site;Website (Webedia);@vidaextra;INT;bloco01_EN_PRESS_IMPRENSA-02
hello@worldanvil.com;World Anvil;GMs;writers;Worldbuilding tools;≈100K+ community;Platform / Podcast / Community;@WorldAnvil;INT;bloco01_EN_PRESS_IMPRENSA-02
community@worldanvil.com;World Anvil Community;PRESS;Comprehensive timeline design case study;Worldbuilding and Lore Dev;150K+;Website;@WorldAnvil;INT;bloco01_EN_PRESS_IMPRENSA-02
desk@indiegame.com;인디게임 (Indie Game);PRESS;;;;Website;@indiegame_kr;INT;bloco01_EN_PRESS_IMPRENSA-02
press@adventuregamers.com;Adventure Gamers;GAMES;Serialized book and webtoon integration;Story-Driven Gaming Experiences;100K+;Website;@AdvGamers;INT;bloco02_EN_GAMES_ESTRATEGICO-01
webmaster@akibatan.com;Akibatan;games;manga;Thai anime;-;Website / Social;@Akibatan;INT;bloco02_EN_GAMES_ESTRATEGICO-01
news@gamer.com.tw;Bahamut GNN;manga;anime;Taiwanese games;-;Website / Community;@bahamut;INT;bloco02_EN_GAMES_ESTRATEGICO-01
runacosplaysffx@gmail.com;Braskas Daughter;GAMES;;;;Linktree;@braskasdaughter;INT;bloco02_EN_GAMES_ESTRATEGICO-01
ztakxilef@gmail.com;DariaPlaysRPGs;free book/webtoon universe;Anime-inspired tactical RPG;RPGs & JRPGs;≈10K;YouTube;@DariaPlaysRPGs;INT;bloco02_EN_GAMES_ESTRATEGICO-01
pub_cruise@hotmail.com;EnterJam;anime;games;Japanese entertainment;-;Website;@EnterJam;INT;bloco02_EN_GAMES_ESTRATEGICO-01
news@eurogamer.net;Eurogamer;GAMES;Hex-grid tactical mechanics review request;General Gaming and Strategy;2M+;Website;@eurogamer;INT;bloco02_EN_GAMES_ESTRATEGICO-01
rpgexperiencias@gmail.com;Experiencias RPG;Pitch centered on free tactical RPG and connected narrative universe;JRPG and analysis in Spanish;RPG;-;YouTube;-;INT;bloco02_EN_GAMES_ESTRATEGICO-01
simon@filmstories.co.uk;Film Stories;TV;games;UK film magazine covering movies;UK film magazine;Website / Magazine / Podcast;@filmstories;INT;bloco02_EN_GAMES_ESTRATEGICO-01
josh@game-wisdom.com;Game Wisdom;systems critique;indie developer interviews;Game design analysis;≈2.5K X / niche YouTube audience;YouTube / Website / Podcast;@GameWisdom;INT;bloco02_EN_GAMES_ESTRATEGICO-01
marco@game-news.co.uk;Game-News.co.uk;Free transmedia indie universe;Indie game news;;-;Website;@game-news.co.uk;INT;bloco02_EN_GAMES_ESTRATEGICO-01
press@gamepitt.co.uk;GamePitt;Send the tactical RPG for review consideration;niche and indie games;Detailed reviews for AAA;-;Website / OpenCritic;@GamePittReviews;INT;bloco02_EN_GAMES_ESTRATEGICO-01
karoogamer@gmail.com;Gamer From Karoo;GAMES;Focus on the turn-based tactical combat system built entirely for free access.;English — Indie game and RPG reviewers;6.4K;YOUTUBE;@karoogamer;INT;bloco02_EN_GAMES_ESTRATEGICO-01
press@gamersantai.com;Gamer Santai;manga;anime;Bahasa Malaysia games;~71K Facebook;Website / Social;@GamerSantaiMY;INT;bloco02_EN_GAMES_ESTRATEGICO-01
pressreleases@godisageek.com;God is a Geek;features;news;UK indie game reviews;~80K monthly readers;Website / Podcast;@godisageek;INT;bloco02_EN_GAMES_ESTRATEGICO-01
pr@godisageek.com;GodisaGeek;reviews;Indie game coverage;Gaming news/reviews;—;Website;@godisageek;INT;bloco02_EN_GAMES_ESTRATEGICO-01
press@indie-freaks.com;Indie Freaks;GAMES;;;;Steam;@Indie_FreaksJP;INT;bloco02_EN_GAMES_ESTRATEGICO-01
jade.hanami.tw@gmail.com;Jade Hanami;GAMES;;;;YouTube;@jade_hanami;INT;bloco02_EN_GAMES_ESTRATEGICO-01
javotecanalyt@gmail.com;Javote Canal;indies and video games;Tactical RPG;;-;YouTube;-;INT;bloco02_EN_GAMES_ESTRATEGICO-01
javiermartin041@gmail.com;Jin / Sephi Tetsu;Use combat;anime and gaming creators;Video games;~23K X;YouTube / Twitch;@Sephi_Tetsu;INT;bloco02_EN_GAMES_ESTRATEGICO-01
jojoteev@gmail.com;Jojo;GAMES;;;;Linktree;@jojoteev;INT;bloco02_EN_GAMES_ESTRATEGICO-01
jozigaming@gmail.com;Jozi Gaming Hub;GAMES;Highlight a free tactical RPG with heavy anime DNA built outside traditional studio systems.;English — Indie game / JRPG reviewers;18K;YOUTUBE;@jozigaminghub;INT;bloco02_EN_GAMES_ESTRATEGICO-01
jrpgarchive@gmail.com;JRPG Archive;GAMES;Focus on character progression and turn-based hex mechanics;Classic and modern indie RPG reviews;6700;YouTube;@JRPGArchive;INT;bloco02_EN_GAMES_ESTRATEGICO-01
jrpgchronicle@gmail.com;JRPG Chronicle;GAMES;Character progression depth paired with standalone book story paths;English — Story-Rich RPG & JRPG Reviews;≈58K;YOUTUBE;@JRPGChronicle;INT;bloco02_EN_GAMES_ESTRATEGICO-01
jrpgfanatic@gmail.com;JRPG Fanatic;GAMES;Anime-inspired tactical battle system with no financial barriers;English — JRPGs & Tactical Indie Reviews;≈71K;YOUTUBE;@JRPGFanaticYT;INT;bloco02_EN_GAMES_ESTRATEGICO-01
prinnzybusiness@gmail.com;Justin Clark / Prinnzyy;GAMES;;;;Linktree;@Prinnzyy;INT;bloco02_EN_GAMES_ESTRATEGICO-01
kalioscolaboracion@gmail.com;Kalios Lothlann;board games and strategy;Tactical RPG;;-;YouTube;-;INT;bloco02_EN_GAMES_ESTRATEGICO-01
kandygaming@gmail.com;Kandy Gaming Collective;GAMES;Sri Lanka strategy crowd, turn-based tactical hex-grid combat;Indie Games, Strategy RPGs;13K;YouTube;@kandygaming;INT;bloco02_EN_GAMES_ESTRATEGICO-01
straganikkarczmarza@gmail.com;Karczmarz;GAMES;PL;;;Linktree;@karczmarz;INT;bloco02_EN_GAMES_ESTRATEGICO-01
katherineofsky@gmail.com;KatherineOfSky;automation games;systems;Strategy;≈180K;YouTube;@KatherineOfSky;INT;bloco02_EN_GAMES_ESTRATEGICO-01
kathmandutactical@gmail.com;Kathmandu Tactical Gaming;GAMES;Solo dev project from São Paulo, free hex tactical RPG game;Indie Games, Turn-Based;14K;YouTube;@kathmandutactical;INT;bloco02_EN_GAMES_ESTRATEGICO-01
keltaerogames@gmail.com;Kelta Games;GAMES;;;;YouTube;@keltagamesandmore;INT;bloco02_EN_GAMES_ESTRATEGICO-01
krismadarame@gmail.com;Krismadarame;GAMES;;;;Twitch;@krismadarame;INT;bloco02_EN_GAMES_ESTRATEGICO-01
krozthcontacto@gmail.com;Krozth;GAMES;Angle of free indie discovery with hex-grid tactical battle;Indies and tactical games in Spanish;-;YouTube;-;INT;bloco02_EN_GAMES_ESTRATEGICO-01
strategysanctum@gmail.com;Lagos Strategy Sanctum;GAMES;Pitch the tactical hex combat to a growing community of strategy enthusiasts.;English — Indie game / SRPG reviewers;4.3K;YOUTUBE;@lagosstrategysanctum;INT;bloco02_EN_GAMES_ESTRATEGICO-01
lanaveretro@gmail.com;LaNaveRETRO;GAMES;;;≈120K;YouTube;@LaNaveRETRO;INT;bloco02_EN_GAMES_ESTRATEGICO-01
lepusnix@gmail.com;Lepus Nix;GAMES;;;;Carrd;@lepusnix;INT;bloco02_EN_GAMES_ESTRATEGICO-01
loquedigaelmaster@gmail.com;Lo Que Diga el Master;board games and geek topics;miniatures;RPG;-;Podcast;@lqdelmaster;INT;bloco02_EN_GAMES_ESTRATEGICO-01
maddi.games.anime@gmail.com;maddi.anime;GAMES;;;;Website;@maddi.anime;INT;bloco02_EN_GAMES_ESTRATEGICO-01
maekagaming@gmail.com;Maeka;GAMES;;;;Twitch;@maeka;INT;bloco02_EN_GAMES_ESTRATEGICO-01
mdp@malditosnerds.com;Malditos Nerds;analysis and podcast;pop culture;Video games;~30K Facebook;YouTube/Website/Podcast;@MalditosNerdsVX;INT;bloco02_EN_GAMES_ESTRATEGICO-01
mandaloremovies@gmail.com;MandaloreGaming;GAMES;Reviews aprofundados de jogos indies;Indie/strategy game reviews;988K;YouTube;@MandaloreGaming;INT;bloco02_EN_GAMES_ESTRATEGICO-01
megamogwai@expansion.gg;MegaMogwai;36-track OST;Lead with the free tactical hex-grid RPG;Card games and deckbuilding;;YouTube;@MegaMogwai;INT;bloco02_EN_GAMES_ESTRATEGICO-01
necronival@gmail.com;necronival;GAMES;;;;Linktree;@necronival;INT;bloco02_EN_GAMES_ESTRATEGICO-01
nikalejgamer@gmail.com;Nikalej;Pitch of free tactical RPG with action universe and original soundtrack;deckbuilders and tactical indies;RPG;-;YouTube;-;INT;bloco02_EN_GAMES_ESTRATEGICO-01
press@nintenderos.com;Nintenderos;Propose coverage of free tactical RPG and anime-friendly universe with ready material for Japanese game readers;anime and gaming community;Nintendo news;-;Website/Forum;@Nintenderos;INT;bloco02_EN_GAMES_ESTRATEGICO-01
marketing@nintenderos.com;Nintenderos (Marketing);Marketing partnership pitch for free anime-inspired universe;anime and gaming community (marketing contact);Nintendo news;-;Website;@Nintenderos;INT;bloco02_EN_GAMES_ESTRATEGICO-01
noclassrpgpodcast@gmail.com;No Class RPG Podcast;GAMES;"RPG culture podcast; pitch free tactical RPG + webtoon/book universe for discussion.";RPG Culture Podcast;800;Podcast;@noclassrpgpodcast;INT;bloco02_EN_GAMES_ESTRATEGICO-01
osolution@truedigital.com;Online Station;tactical RPG;Pitch free action webtoon;Thai gaming/pop culture;-;Website;@onlinestation;INT;bloco02_EN_GAMES_ESTRATEGICO-01
redaccion@peru21.pe;Peru21 Cheka;manga and youth entertainment;anime;Video games;-;Web / Cheka section;@peru21noticias;INT;bloco02_EN_GAMES_ESTRATEGICO-01
pixelslayers@gmail.com;Pixel Slayers;GAMES;Solo development narrative pitch outlining multi-format project designs in LATAM;Latin American Indie Gaming;30K;YOUTUBE;@PixelSlayers;INT;bloco02_EN_GAMES_ESTRATEGICO-01
playtotalk.contacto@gmail.com;PlayToTalk;strategy and video games;Tactical RPG;;-;YouTube;-;INT;bloco02_EN_GAMES_ESTRATEGICO-01
nschiller@portalgeek.co;PortalGeek - Nicolas Schiller;Direct editorial contact for interview or note about free launch and 23-year process;reviews and geek culture;Video games;-;Web / editorial director;@PortalGeekCo;INT;bloco02_EN_GAMES_ESTRATEGICO-01
queensalemgaming@gmail.com;QueenSalem;GAMES;;;;Beacons;@queensalem;INT;bloco02_EN_GAMES_ESTRATEGICO-01
littleredpandamon@gmail.com;Redpandamon;GAMES;;;;Twitch;@redpandamon;INT;bloco02_EN_GAMES_ESTRATEGICO-01
reviewindiegames@gmail.com;Review Indie Games;Pitch the free tactical RPG as an indie title with a complete story universe and soundtrack.;Indie game reviews;;-;Steam Curator;@reviewindiegames;INT;bloco02_EN_GAMES_ESTRATEGICO-01
rolfiction@gmail.com;ROL FICTION;Propose episode or mention about converting narrative universe into tactical combat;role design and anime;RPG;-;Podcast;@RolFiction;INT;bloco02_EN_GAMES_ESTRATEGICO-01
rpgloremaster@gmail.com;RPG Lore Master;GAMES;Focus on the narrative design connecting the game, webtoon, and books;English — RPG Worldbuilding and Story Analysis;≈41K;YOUTUBE;@RPGLoreMaster;INT;bloco02_EN_GAMES_ESTRATEGICO-01
rulaxalt@gmail.com;Rulax Alt;Angle of free tactical indie discovery for strategy audience;deckbuilders and turn-based games;Indies;-;YouTube;-;INT;bloco02_EN_GAMES_ESTRATEGICO-01
sarthe@ggtalentgroup.com;SARTHE;GAMES;;;;YouTube;@sartheofficial;INT;bloco02_EN_GAMES_ESTRATEGICO-01
schizoforg.contact@gmail.com;SchizoForg;Pitch of free indie universe and long-term solo development;Latin American indies and alternative video games;;-;YouTube;-;INT;bloco02_EN_GAMES_ESTRATEGICO-01
news@shacknews.com;Shacknews;GAMES;23-year solo developer passion story;PC and Strategy Games;300K+;Website;@shacknews;INT;bloco02_EN_GAMES_ESTRATEGICO-01
shadowronin45th@gmail.com;ShadowRoninn;GAMES;;;45;Twitch;@shadowroninn;INT;bloco02_EN_GAMES_ESTRATEGICO-01
tips@siliconera.com;Siliconera;GAMES;Pitch the game and webtoon as anime-adjacent indie project with tactical RPG gameplay;Japanese Gaming / Anime / RPGs;Gamurs Group network;Website;@siliconera;INT;bloco02_EN_GAMES_ESTRATEGICO-01
press@sqool.net;SQOOL.NETゲーム研究室;GAMES;;;;Website;@sqoolnet;INT;bloco02_EN_GAMES_ESTRATEGICO-01
steppegaming@gmail.com;Steppe Gaming Mongolia;GAMES;Tactical hex-grid RPG, zero previous indie game PR outreach;Indie Games, RPGs, Tactics;22K;YouTube;@steppegaming;INT;bloco02_EN_GAMES_ESTRATEGICO-01
strategyandwargaming@gmail.com;Strategy and Wargaming;wargames;tactics;Strategy;~5M lifetime site views;Website / YouTube;@strategywargaming;INT;bloco02_EN_GAMES_ESTRATEGICO-01
strategygamein@gmail.com;Strategy Game Focus IN;GAMES;System design exploration of a totally free solo-engineered tactical strategy game;English — GAMES;≈14K;YOUTUBE;@strategygame_in;INT;bloco02_EN_GAMES_ESTRATEGICO-01
strategyrealm@gmail.com;Strategy Realm;GAMES;Deep strategy options in a free universe featuring books and webtoons;English — Strategy, Tactics, and Indie Games;≈42K;YOUTUBE;@StrategyRealm;INT;bloco02_EN_GAMES_ESTRATEGICO-01
superderekrpgs+inquiry@gmail.com;SuperDerekRPGs;factions;Story-driven RPG;JRPGs & RPG reviews;≈69K;YouTube;@SuperDerekRPGs;INT;bloco02_EN_GAMES_ESTRATEGICO-01
tacticalbattleground@gmail.com;Tactical Battleground;GAMES;Turn-by-turn combat system walkthrough focusing on unit synergy and abilities;Hex-Grid Strategy & Tactics;45K;YOUTUBE;@TacticalBattleground;INT;bloco02_EN_GAMES_ESTRATEGICO-01
tacticalcombatlab@gmail.com;Tactical Combat Lab;GAMES;Hexagonal tactical grid gameplay mechanics analysis;Tactical RPG and strategy analysis;≈17K;YOUTUBE;@tacticalcombatlab;INT;bloco02_EN_GAMES_ESTRATEGICO-01
tacticalmindset@gmail.com;Tactical Mindset AU;GAMES;Strategy RPG mechanics;Hex-grid tactical combat analysis;≈18K;YouTube;@tacticalmindsetau;INT;bloco02_EN_GAMES_ESTRATEGICO-01
tacticalplaybook@gmail.com;Tactical Playbook;GAMES;Hex-grid mechanical efficiency and team building variations;English — Turn-Based Strategy Gameplay;≈21K;YOUTUBE;@TacticalPlaybook;INT;bloco02_EN_GAMES_ESTRATEGICO-01
tacrpg@gmail.com;Tactical RPG Hub AU;GAMES;Tactical RPG analysis;Hex-grid RPG combat critique;≈9K;YouTube;@tacrpghubau;INT;bloco02_EN_GAMES_ESTRATEGICO-01
submissions@blasphemoustomes.com;The Good Friends of Jackson Elias;weird fiction and roleplaying games;horror gaming;Call of Cthulhu;1.2K+ Patreon members;Podcast / Patreon;@GoodFriendsOfJE;INT;bloco02_EN_GAMES_ESTRATEGICO-01
thegridrunner@gmail.com;The Grid Runner;GAMES;Positions, ranges, and tactical synergy options within grid setups;English — Turn-Based Roguelikes & Strategy;≈29K;YOUTUBE;@TheGridRunnerYT;INT;bloco02_EN_GAMES_ESTRATEGICO-01
thehexgrid@gmail.com;The Hex Grid;GAMES;Deep mechanical breakdown of the hex-grid system in Illusion Fight;English — Tactical Hex-Grid & Wargames;≈12K;YOUTUBE;@TheHexGrid;INT;bloco02_EN_GAMES_ESTRATEGICO-01
susan@susanoconnorwriter.com;The Narrative Department;missions;Pitch a craft-focused angle on coordinating lore;Game writing education and narrative design;—;Website / Community;@NarrativeDept;INT;bloco02_EN_GAMES_ESTRATEGICO-01
nexusnarrative@gmail.com;The Narrative Nexus;GAMES;Interactive narrative across webtoon, book, and RPG;English — Narrative design, visual novels, and story-driven video games;≈18K;YOUTUBE;@NarrativeNexusME;INT;bloco02_EN_GAMES_ESTRATEGICO-01
rpgtable@gmail.com;The RPG Table AU;GAMES;Tactical RPG review;Tactical RPG tactical systems;≈20K;YouTube;@rpgtableau;INT;bloco02_EN_GAMES_ESTRATEGICO-01
strategylegend@gmail.com;The Strategy Legend;GAMES;Retro tactical sensibilities combined with modern webcomic tie-ins;English — Classic Turn-Based Strategy Games;≈18K;YOUTUBE;@StrategyLegend;INT;bloco02_EN_GAMES_ESTRATEGICO-01
strategymaster@gmail.com;The Strategy Mastermind;GAMES;Retro wargaming mechanical properties connected with visual webtoon strips;English — Classic Turn-Based Strategy Gaming;≈21K;YOUTUBE;@StrategyMaster;INT;bloco02_EN_GAMES_ESTRATEGICO-01
strategyscribe@gmail.com;The Strategy Scribe;GAMES;Coordinating lore and map design across text, art, and tactical game;English — Narrative Strategy & RPG Designs;≈11K;YOUTUBE;@StrategyScribe;INT;bloco02_EN_GAMES_ESTRATEGICO-01
tbvanguard@gmail.com;The Turn-Based Vanguard;GAMES;Hex-grid positioning mechanics and free system implementation;English — Turn-Based Strategy & Grid RPGs;≈36K;YOUTUBE;@TBVanguard;INT;bloco02_EN_GAMES_ESTRATEGICO-01
neil@thexboxhub.com;TheXboxHub;Pitch the free tactical hex-grid RPG as a reviewable indie discovery;PC and indie game reviews;Xbox;-;Website / YouTube;@TheXboxHub;INT;bloco02_EN_GAMES_ESTRATEGICO-01
todorpgpodcast@gmail.com;Todo RPG;Fits for tactical RPG;RPG and tactical RPG in Spanish;JRPG;~10.6K;YouTube / podcast;-;INT;bloco02_EN_GAMES_ESTRATEGICO-01
totalpartythrill@gmail.com;Total Party Thrill;tabletop storytelling;campaign discussion;RPG advice;-;Podcast / YouTube;@TPTcast;INT;bloco02_EN_GAMES_ESTRATEGICO-01
turnbasedrpg@gmail.com;Turn Based RPG Explorer;GAMES;Anime-style tactical hex RPG mechanics deep-dive;Turn-based strategy and RPGs;≈22K;YOUTUBE;@turnbasedrpgexplorer;INT;bloco02_EN_GAMES_ESTRATEGICO-01
turnbasedtacticsgroup@gmail.com;Turn-Based Tactics (Steam Curator);GAMES;"Steam curator focused on XCOM-like tactics; perfect for free tactical RPG with deep combat.";Turn-Based Strategy Games;10000;Steam;@TurnBasedTactics;INT;bloco02_EN_GAMES_ESTRATEGICO-01
tylosee6@gmail.com;tyler.losee;GAMES;;;6;Linktree;@tyler.losee;INT;bloco02_EN_GAMES_ESTRATEGICO-01
upstation.id@unipin.com;UP Station;book series;Pitch free webtoon;Indonesian gaming/pop culture;-;Website;@upstation;INT;bloco02_EN_GAMES_ESTRATEGICO-01
valquiriafightinggames@gmail.com;Valquiria E-Sports Argentina;factions and OST for competitive/anime community;LATAM gamer angle: free universe with combat;Argentine gamer community and fighting games;~3K X;X / community;@ValquiriaGames;INT;bloco02_EN_GAMES_ESTRATEGICO-01
prensa@vidaextra.com;Vida Extra (Press);pop culture;anime;Major Spanish gaming/entertainment covering games;Major site;Website (Webedia);@vidaextra;INT;bloco02_EN_GAMES_ESTRATEGICO-01
reviews@videochums.com;Video Chums;GAMES;Turn-based strategy and serialized progression;Niche Genre Game Reviews;45K+;Website;@VideoChums;INT;bloco02_EN_GAMES_ESTRATEGICO-01
videojuerguistasweb@gmail.com;Videojuerguistas;news;analysis;Video games;-;Web / podcast;@Videojuerguistas;INT;bloco02_EN_GAMES_ESTRATEGICO-01
press@wanuxi.com;Wanuxi (Press);entertainment media;anime;Malaysia Mandarin Chinese games;~15.7K YouTube;Website / YouTube;@wanuxi;INT;bloco02_EN_GAMES_ESTRATEGICO-01
tougao@yystv.cn;Yystv (yanyanshe);submissions;videos;Chinese game culture articles;-;Website / WeChat / App;@yystv;INT;bloco02_EN_GAMES_ESTRATEGICO-01
webmaster@zeldauniverse.net;Zelda Universe;covers indies;Large Nintendo/RPG fan site;Gaming (Nintendo/RPG);—;Website;@zeldauniverse;INT;bloco02_EN_GAMES_ESTRATEGICO-01
zonagamer.ve@gmail.com;Zona Gamer;GAMES;Free strategy game with narrative universe. Pitch for Venezuelan gamer community.;Video games / Community;~5K;Web;@zonagamerve;INT;bloco02_EN_GAMES_ESTRATEGICO-01
2dkiri@proton.me;2DKiri;accessibility;Indie games;;≈10K;YouTube/Twitch;@2DKiri;INT;bloco02_EN_GAMES_ESTRATEGICO-02
abujagaming@gmail.com;Abuja Gaming Hub;GAMES;Highlight a free tactical RPG with heavy anime DNA built outside traditional studio systems.;English — Indie game / JRPG reviewers;15K;YOUTUBE;@abujagaminghub;INT;bloco02_EN_GAMES_ESTRATEGICO-02
afrostrategy@gmail.com;Afro Strategy Hub;GAMES;Pitch the tactical turn-based grid engine as a pure homage to strategy classics.;English — Indie game / SRPG reviewers;14K;YOUTUBE;@afrostrategyhub;INT;bloco02_EN_GAMES_ESTRATEGICO-02
allaboutstrategygames@gmail.com;All About Strategy Games;perfect for free tactical hex-grid RPG;Steam curator;Strategy/turn-based games;-;Steam Curator;@allaboutstrategygames;INT;bloco02_EN_GAMES_ESTRATEGICO-02
beesbusiness13@gmail.com;Bees00;free access;Tactical/deck decision-making;Indie deckbuilders & roguelites;≈5K;YouTube;@bees00_13;INT;bloco02_EN_GAMES_ESTRATEGICO-02
itsbennyrose@gmail.com;Benny Rose / Pressed For Time;GAMES;, manga, anime, pop culture podcast Pitch as a free tactical RPG plus manga/anime-adjacent story universe for podcast discussion GAMES;;;Podcast;@itsbennyrose;INT;bloco02_EN_GAMES_ESTRATEGICO-02
blka.busn099@gmail.com;BhaiLogKaAdda;GAMES;;;099;YouTube;@BhaiLogKaAdda;INT;bloco02_EN_GAMES_ESTRATEGICO-02
dann@bigbossbattle.com;Big Boss Battle;and indie coverage;board games;Video games;---;Website;@BigBossBattle;INT;bloco02_EN_GAMES_ESTRATEGICO-02
info@blerd.com;Blerd;anime;games;Black nerd culture: comics;~50K monthly;Website;BlerdOnline;INT;bloco02_EN_GAMES_ESTRATEGICO-02
boardofthekingschessgame@gmail.com;Board of the Kings;GAMES;;;;Steam;@boardofthekings;INT;bloco02_EN_GAMES_ESTRATEGICO-02
brebearstreams@gmail.com;Brebear;GAMES;;;;Twitch;@brebearstreams;INT;bloco02_EN_GAMES_ESTRATEGICO-02
info@capsulecomputers.com.au;Capsule Computers;anime;Covers games;Gaming/anime/manga reviews;—;Website;@capsulecomputer;INT;bloco02_EN_GAMES_ESTRATEGICO-02
infinitequestpodcast@gmail.com;Catie and Eriks Infinite Quest;TTRPG-adjacent episodes;storytelling;Gaming;-;Podcast;@infinitequestpod;INT;bloco02_EN_GAMES_ESTRATEGICO-02
catthytrinhart@gmail.com;Catthy Trinh;GAMES;US;;;Linktree;@catthytrinh;INT;bloco02_EN_GAMES_ESTRATEGICO-02
cgdannyb.ttv@gmail.com;CGDannyB;free transmedia indie universe;Creator/interview angle;Indie gaming & creator interviews;≈8K;YouTube/Twitch/X;@CGDannyB;INT;bloco02_EN_GAMES_ESTRATEGICO-02
chittagonggaming@gmail.com;Chittagong Gaming Lounge;GAMES;Bangladesh strategy gaming scene, free tactical hex-grid RPG game;Indie Games, Strategy RPGs;34K;YouTube;@chittagonggaming;INT;bloco02_EN_GAMES_ESTRATEGICO-02
clongo@denofgeek.com;Chris Longo (Den of Geek);Chief Creative Officer - pitch the entire transmedia ecosystem;Geek Culture / Games / Comics;;10M+ monthly readers;Website;@denofgeek;INT;bloco02_EN_GAMES_ESTRATEGICO-02
christopherodd.pr@gmail.com;ChristopherOdd;36-track OST;Lead with the free tactical hex-grid RPG;Turn-based strategy RPGs / XCOM-likes;;YouTube;@ChristopherOdd;INT;bloco02_EN_GAMES_ESTRATEGICO-02
business@cohh.tv;CohhCarnage;GAMES;Free indie tactical hex-grid RPG with deep universe - streaming coverage/review;Gaming/streaming/tactical RPG;1M;YouTube/Twitch;@CohhCarnage;INT;bloco02_EN_GAMES_ESTRATEGICO-02
hi@cowlevel.net;CowLevel;GAMES;Share Illusion Fight as free tactical RPG for long-tail community review;Chinese player-written game recommendation community;-;Community / Website;@CowLevel;INT;bloco02_EN_GAMES_ESTRATEGICO-02
info@culturamas.com;Culturamas;games;comics;Culture magazine covering books;-;Website;@culturamas;INT;bloco02_EN_GAMES_ESTRATEGICO-02
dattraxgaming.contact@gmail.com;Dattrax Gaming;GAMES;;;;YouTube;@DattraxGaming;INT;bloco02_EN_GAMES_ESTRATEGICO-02
dcrow@denofgeek.com;David Crow (Den of Geek);Senior Editor-At-Large - pitch the transmedia universe angle;Geek Culture / Movies / Games;;10M+ monthly readers;Website;@denofgeek;INT;bloco02_EN_GAMES_ESTRATEGICO-02
davidvinc@gmail.com;Davidvinc RPGs;36-track OST;Lead with the free tactical hex-grid RPG;JRPGs / RPG recommendations;;YouTube;@davidvinc;INT;bloco02_EN_GAMES_ESTRATEGICO-02
deborahlopezrivas@gmail.com;Deborah Lopez Rivas;Personalized pitch for production analysis: free tactical RPG + webtoon/books/OST created by one person;indies and cultural criticism;Video game journalism;-;Freelance / press;@deborahlr;INT;bloco02_EN_GAMES_ESTRATEGICO-02
debugviewpodcast@gmail.com;Debug View Podcast;tactical combat and building universe in four free formats;Offer interview on narrative design;Video game development and indie culture;-;Podcast;@debugviewPCast;INT;bloco02_EN_GAMES_ESTRATEGICO-02
detodogaming@gmail.com;Detodo Gaming;GAMES;Grid tactical RPG with faction system and deep combat. Review and analysis.;RPGs / Strategy;~3K;YouTube;@detodogaming;INT;bloco02_EN_GAMES_ESTRATEGICO-02
dicelk.biz@gmail.com;Dice LK;GAMES;Lead with free tactical RPG and 23-year solo development story for Sri Lankan gaming audiences;Sri Lankan Sinhala gaming and video-game history channel;-;YouTube;@DiceLK;INT;bloco02_EN_GAMES_ESTRATEGICO-02
editor@droidgamers.com;Droid Gamers;GAMES;Cobertura de jogos mobile indie;Mobile indie games;—;Web;@droidgamers;INT;bloco02_EN_GAMES_ESTRATEGICO-02
dubsrub5@gmail.com;DubsRub5;mobile and video games in Spanish;Tactical;;-;YouTube;-;INT;bloco02_EN_GAMES_ESTRATEGICO-02
elfcoffeegames@gmail.com;elfie;GAMES;;;;Website;@elfcoffee;INT;bloco02_EN_GAMES_ESTRATEGICO-02
gamedevethos@gmail.com;Ethos;GAMES;;;23-;Twitch;@gamingethos;INT;bloco02_EN_GAMES_ESTRATEGICO-02
explorminate@gmail.com;eXplorminate;tactics;strategy;4X;~11K Steam Curator;Website / Podcast / Steam Curator;@eXplorminate;INT;bloco02_EN_GAMES_ESTRATEGICO-02
contacto@extragamers.com.ar;ExtraGamers;Present Illusion Fight as free indie universe with tactical RPG;reviews and indies;Video game news;-;Website/YouTube;-;INT;bloco02_EN_GAMES_ESTRATEGICO-02
fideblaymidyt@gmail.com;FideBlayMid;Story of solo creator + free project for LATAM indie scene focus;Latin American video games and indies;;-;YouTube;-;INT;bloco02_EN_GAMES_ESTRATEGICO-02
fo3m.vn@gmail.com;Fo3m Blog;GAMES;Pitch free tactical RPG for review and discovery;Game reviews/blog;-;Blog;@fo3m_vn;INT;bloco02_EN_GAMES_ESTRATEGICO-02
fruitscandy.studio@gmail.com;fruitscandy studio;GAMES;;;;Website;@fruitscandy;INT;bloco02_EN_GAMES_ESTRATEGICO-02
fullmetalrpgbiz@gmail.com;Full Metal RPG;GAMES;;;;Podcast;@fullmetalrpg;INT;bloco02_EN_GAMES_ESTRATEGICO-02
gameacademypod@gmail.com;Game Academy Podcast;GAMES;"Game design podcast; pitch narrative design and tactical combat systems across formats.";Game Design Podcast;1500;Podcast;@GameAcademy;INT;bloco02_EN_GAMES_ESTRATEGICO-02
contacto@gameit.es;Game It;hardware analysis since 2007;reviews including indie;Spanish gaming news;-;Website;@GameItES;INT;bloco02_EN_GAMES_ESTRATEGICO-02
editor@gamepeople.co.uk;Game People;GAMES;Pitch Illusion Fight as a personal-story game review;Personal and niche video game reviews;-;Website;-;INT;bloco02_EN_GAMES_ESTRATEGICO-02
gamenomicsandcomicology@gmail.com;Gamenomics & Comicology;independent comics;comics;Video games;157 subscribers listed;Website;@GameandComic;INT;bloco02_EN_GAMES_ESTRATEGICO-02
brandon@gamersky.com;GamerSky (Brandon);GAMES;Pitch free tactical RPG and anime-inspired universe as Chinese-market indie discovery;Chinese games portal;-;Website / Publisher portal;@gamersky;INT;bloco02_EN_GAMES_ESTRATEGICO-02
contact@gameskinny.com;GameSkinny;guides;news;Game reviews;-;Website;@GameSkinny;INT;bloco02_EN_GAMES_ESTRATEGICO-02
hello@gamespew.com;GameSpew;free access links;Review pitch direto;Game reviews/news;—;Website;@GameSpew;INT;bloco02_EN_GAMES_ESTRATEGICO-02
editor@gamezebo.com;Gamezebo;GAMES;Reviews e previews de indies;Indie/casual games;—;Web;@gamezebo;INT;bloco02_EN_GAMES_ESTRATEGICO-02
gene@gamingdose.com;GamingDose;culture media;reviews;Thai game news;-;Website / Social;@GamingDose;INT;bloco02_EN_GAMES_ESTRATEGICO-02
contact@gamingonlinux.com;GamingOnLinux;Offer a Linux/Steam Deck-friendly discovery pitch;reviews and guides;Linux and Steam Deck gaming news;30K+ Steam followers;Website / Steam Curator;@gamingonlinux;INT;bloco02_EN_GAMES_ESTRATEGICO-02
contact@geeksundergrace.com;Geeks Under Grace;Cross-platform geek culture site;Geek culture (games/books/comics/anime);;—;Website;@geeksundergrace;INT;bloco02_EN_GAMES_ESTRATEGICO-02
glutenfreewaifu@gmail.com;glutenfree_waifu;GAMES;;;;Beacons;@glutenfree_waifu;INT;bloco02_EN_GAMES_ESTRATEGICO-02
gridstrategyjp@gmail.com;Grid Strategy Japan;GAMES;Pitch hex-grid combat system built by solo developer over 23 years;Grid-based tactical and strategy games;1600;YouTube;@GridStrategy;INT;bloco02_EN_GAMES_ESTRATEGICO-02
hablemosvideojuegospodcast@gmail.com;Hablemos de Videojuegos;GAMES;Angle of free indie tactical game created by solo developer;Indie video games and podcast in Spanish;-;Podcast / Twitch;@HablemosDeVJ;INT;bloco02_EN_GAMES_ESTRATEGICO-02
hiinatsu13@gmail.com;hiinatsu;GAMES;;;13;Linktree;@exekielle;INT;bloco02_EN_GAMES_ESTRATEGICO-02
huntonicttv@gmail.com;Huntonic;GAMES;;;36-;Website;@huntonic;INT;bloco02_EN_GAMES_ESTRATEGICO-02
igdshare@igdshare.org;IGDShare;GAMES;"Pitch free indie tactical RPG for community feature; solo developer angle";Taiwanese indie game community;-;Website;@igdshare;INT;bloco02_EN_GAMES_ESTRATEGICO-02
ancientindiangamer@gmail.com;INDIAN GAMER;no-cost access;Lead with free tactical RPG;Hindi gaming creator and Indian gamer channel;-;YouTube;@INDIANGAMER;INT;bloco02_EN_GAMES_ESTRATEGICO-02
indiegamesg@gmail.com;Indie Game Explorer SG;GAMES;23-year solo production journal: Free turn-based hex-grid tactical RPG;English — GAMES;≈16K;YOUTUBE;@indiegame_sg;INT;bloco02_EN_GAMES_ESTRATEGICO-02
indiegamequest@gmail.com;Indie Game Quest;GAMES;Free tactical hex-grid RPG solo dev focus;English — Indie game reviews & showcases;≈25K;YOUTUBE;@IndieGameQuest;INT;bloco02_EN_GAMES_ESTRATEGICO-02
info@lag.vn;Lag.vn;manga;anime;Vietnamese gaming;-;Website / Social;@lagvn;INT;bloco02_EN_GAMES_ESTRATEGICO-02
contacto.lollipophunter@gmail.com;Lollipop Hunter;GAMES;Angle of tactical RPG with anime/manga inspiration and serialized narrative;JRPG and Japanese video games;-;YouTube;-;INT;bloco02_EN_GAMES_ESTRATEGICO-02
adam@lootlevelchill.com;Loot Level Chill;UK-based indie site;Indie game news/reviews;;-;Website;@LootLevelChill;INT;bloco02_EN_GAMES_ESTRATEGICO-02
editor@megavisionsmag.com;Mega Visions;GAMES;Turn-based mechanical framework highlight;Indie Gaming and Retro Appeal;25K+;Website;@MegaVisionsMag;INT;bloco02_EN_GAMES_ESTRATEGICO-02
findus@missingnumber.com.mx;Missing Number;reviews and creative stories;pop culture;Video games;-;Website/Instagram;@MissingN;INT;bloco02_EN_GAMES_ESTRATEGICO-02
andrew@moviesgamesandtech.com;Movies Games and Tech;reviews;tech;Games;-;Website / YouTube;@moviesgamestek;INT;bloco02_EN_GAMES_ESTRATEGICO-02
g-release@ml.itmedia.co.jp;NLab (ITmedia);anime;games;Japanese internet culture;-;Website;@itm_nlab;INT;bloco02_EN_GAMES_ESTRATEGICO-02
contact@nookgaming.com;NookGaming;visual novels;JRPGs;Anime games;220 Steam followers;Website / Steam Curator;@NookSite;INT;bloco02_EN_GAMES_ESTRATEGICO-02
hola@ociofrik.com;Ociofrik;video games;RPG;Board games;-;Website;-;INT;bloco02_EN_GAMES_ESTRATEGICO-02
contact@partyelite.gg;PartyElite;36-track OST;Lead with the free tactical hex-grid RPG;Strategy/tactics/RPG games;;YouTube;@PartyElite;INT;bloco02_EN_GAMES_ESTRATEGICO-02
admin@pinoygamer.ph;PinoyGamer;GAMES;Pitch free tactical RPG and anime-style universe as community discovery for Filipino gamers;Philippine gaming community with Tagalog/Filipino audience;-;Website / Community;@PinoyGamer;INT;bloco02_EN_GAMES_ESTRATEGICO-02
info@playulti.com;Playulti;GAMES;Pitch free tactical RPG and action universe for Thai game-discovery readers;Thai game news, MMORPG and PC/mobile game coverage;-;Website / YouTube / Facebook;@playinter.th;INT;bloco02_EN_GAMES_ESTRATEGICO-02
editor@rapidreviewsuk.com;Rapid Reviews UK;GAMES;Lead with a quick-review angle: free tactical RPG;Video game and tech reviews in the UK;-;Website;@rapidreviewsuk;INT;bloco02_EN_GAMES_ESTRATEGICO-02
admin@rpgwatch.com;RPG Watch;Pitch the hex-grid tactical layout to old-school RPG mechanics fans.;Classic and indie RPG coverage;English;approx 30K;Website / Forum;@rpgwatch;INT;bloco02_EN_GAMES_ESTRATEGICO-02
info@saiganak.com;Saiga NAK;book series;Pitch free webtoon;Hong Kong pop culture/gaming;-;Website;@saiganak;INT;bloco02_EN_GAMES_ESTRATEGICO-02
hello@sixoneindie.com;Six One Indie;reviews;Indie game news;;-;Website / YouTube / Showcase;@sixoneindie;INT;bloco02_EN_GAMES_ESTRATEGICO-02
contact@spacesector.com;SpaceSector;GAMES;"Covers turn-based tactics and 4X; pitch free hex-grid tactical RPG with sci-fi elements.";Sci-Fi Strategy Games;3000;Website;@SpaceSector;INT;bloco02_EN_GAMES_ESTRATEGICO-02
info@specialeffect.org.uk;SpecialEffect;"Mention accessibility features in press kit; potential charity partnership/stream";inclusive gaming tech;Gaming accessibility charity;~20K;Charity/Website;SpecialEffect;INT;bloco02_EN_GAMES_ESTRATEGICO-02
info@strategy.co.nz;Strategy Sphere NZ;GAMES;Strategy RPG analysis;Hex-grid combat mechanics;≈3K;YouTube;@strategy.sphere;INT;bloco02_EN_GAMES_ESTRATEGICO-02
hello+ttaverntales@wilyknight.com;Taylor's Tavern Tales;GAMES;;;400K;YouTube;@ttaverntales;INT;bloco02_EN_GAMES_ESTRATEGICO-02
contact@thegamingreview.com;The Gaming Review;GAMES;Hexagonal maps and repeatable build variety;Indie Strategy Focus;20K+;Website;@TheGamingRev;INT;bloco02_EN_GAMES_ESTRATEGICO-02
enquiries@thumbculture.co.uk;Thumb Culture;hardware and indie coverage;reviews;Gaming news;-;Website;@Thumb_culture;INT;bloco02_EN_GAMES_ESTRATEGICO-02
info@turnbasedlovers.com;Turn Based Lovers;Perfect fit for hex-grid tactical mechanics and solo developer backstory.;Turn-based and tactical RPG niche;English;approx 40K;Website / X;@turnbasedlovers;INT;bloco02_EN_GAMES_ESTRATEGICO-02
direccion@vandal.net;Vandal;reviews and gamer culture;guides;Video games;-;Web / magazine;@VandalOnline;INT;bloco02_EN_GAMES_ESTRATEGICO-02
andy.robinson@videogameschronicle.com;Video Games Chronicle;press release & editorial pitch;Major UK outlet;Game news/reviews;-;Website;@VGC;INT;bloco02_EN_GAMES_ESTRATEGICO-02
hamish@writingongames.co.uk;Writing on Games;story-driven games;design essays;Game narrative;≈212K YouTube;YouTube;@WritingOnGames;INT;bloco02_EN_GAMES_ESTRATEGICO-02
help@gameabout.com;게임어바웃 / GameAbout;GAMES;;;;Website;;INT;bloco02_EN_GAMES_ESTRATEGICO-02
animeamericapodcast@gmail.com;Anime America;and fandom commentary;podcasts;Anime reviews;≈490K;YouTube / Podcast;@AnimeAmericaPodcast;INT;bloco03_EN_WEBTOON_MANGA_GRANDE
news@anitrendz.net;Anime Trending;soundtrack/community polls;otaku culture;Anime charts;≈3M+ social;Website / X / Instagram / Discord;@Anitrendz;INT;bloco03_EN_WEBTOON_MANGA_GRANDE
bonsaipopteam@gmail.com;Bonsai Pop;factions;Free anime-inspired action IP;Anime analysis & discussion;≈296K;YouTube;@BonsaiPop;INT;bloco03_EN_WEBTOON_MANGA_GRANDE
nimrodmediainc@gmail.com;ForneverWorld;and reactions;discussion;Anime and manga news;≈650K;YouTube / X;@ForneverWorld;INT;bloco03_EN_WEBTOON_MANGA_GRANDE
neil@getyourcomicon.co.uk;Get Your Comic On;TV;movies;Comics;295K monthly visitors;Website / Podcast;@getyourcomicon1;INT;bloco03_EN_WEBTOON_MANGA_GRANDE
ilucontacto@gmail.com;iLu;WEBTOON/MANGA;Pitch webtoon recommendation and faction lore for discovery video content;Anime and manga creator in Spanish;~177K Twitch;YouTube/Twitch;@iLuSioNzX;INT;bloco03_EN_WEBTOON_MANGA_GRANDE
mangatama88@gmail.com;mangatama;manga recommendations;manga hauls;Manga collecting;≈127K YouTube;YouTube / Instagram;@mangatama;INT;bloco03_EN_WEBTOON_MANGA_GRANDE
bentoanimeyt@gmail.com;SeaTactics;shonen/seinen discussion;seasonal anime reviews;Anime analysis;≈126K YouTube;YouTube / Instagram;@SeaTactics;INT;bloco03_EN_WEBTOON_MANGA_GRANDE
info@comicsbeat.com;The Beat;conventions;graphic novels;Comics;≈100K;Website / Newsletter;@ComicsBeat;INT;bloco03_EN_WEBTOON_MANGA_GRANDE
umangrathie36@gmail.com;animelovers1234;WEBTOON/MANGA;;;;YouTube;@animelovers1234;INT;bloco04_EN_WEBTOON_MANGA_MEDIO-01
sheribahi050@gmail.com;AnimeUrdu;dub community;parody;Urdu/Hindi anime discussion;-;YouTube;@AnimeUrdu;INT;bloco04_EN_WEBTOON_MANGA_MEDIO-01
mdshantoedits1720@gmail.com;Bengali Anime Shorts / MD Shanto Edits;WEBTOON/MANGA;;;1720;YouTube;@mdshantoedits;INT;bloco04_EN_WEBTOON_MANGA_MEDIO-01
reviews@brokenfrontier.com;Broken Frontier;indie comics and creator-owned material;graphic novels;Comics;-;Website / Newsletter;@brokenfrontier;INT;bloco04_EN_WEBTOON_MANGA_MEDIO-01
news@bubbleblabber.com;Bubbleblabber;webcomics;Covers animation;Adult animation/comics;—;Website;@bubbleblabber;INT;bloco04_EN_WEBTOON_MANGA_MEDIO-01
workwithcaliber@gmail.com;Caliber Hindi;otaku explainer channel;manga;Hindi anime;-;YouTube;@CaliberHindi;INT;bloco04_EN_WEBTOON_MANGA_MEDIO-01
thecomicsyeti@gmail.com;Comic Book Yeti;and creator features;interviews;Indie comics news;-;Website / Podcast;@ComicBookYeti;INT;bloco04_EN_WEBTOON_MANGA_MEDIO-01
mysterymailcall@gmail.com;ComicTom101;WEBTOON/MANGA;;;;YouTube;@ComicTom101;INT;bloco04_EN_WEBTOON_MANGA_MEDIO-01
submit.cosplaychronicles@gmail.com;Cosplay Chronicles Magazine;comics;anime;Cosplay;Niche cosplay magazine;Magazine / Instagram / Kavyar;@cosplaychroniclesmagazine;INT;bloco04_EN_WEBTOON_MANGA_MEDIO-01
taimourbalti07@gmail.com;Dragon Ball اردو;WEBTOON/MANGA;;;07;Website;@DBurdu;INT;bloco04_EN_WEBTOON_MANGA_MEDIO-01
nivonne.contacto@gmail.com;Fujoshi Senpai;novels and otaku culture;manhwa;Manga;-;Podcast;-;INT;bloco04_EN_WEBTOON_MANGA_MEDIO-01
reviews@graphicnovels.com.au;Graphic Novel Reviews AU;WEBTOON/MANGA;Independent webcomics;Free action webtoon series;≈10K;YouTube;@graphicnovelsau;INT;bloco04_EN_WEBTOON_MANGA_MEDIO-01
readingslumped@gmail.com;HericaLopez;WEBTOON/MANGA;;;;YouTube;@HericaLopez;INT;bloco04_EN_WEBTOON_MANGA_MEDIO-01
tony@lifeonbooks.com;Lifeonbooks;WEBTOON/MANGA;;;;YouTube;@Lifeonbooks;INT;bloco04_EN_WEBTOON_MANGA_MEDIO-01
podcast@majorspoilers.com;Major Spoilers;interviews;reviews;Comics news;≈20K;Website / Podcast;@MajorSpoilers;INT;bloco04_EN_WEBTOON_MANGA_MEDIO-01
roh8623@gmail.com;Manhwa Review Blog;WEBTOON/MANGA;"Pitch free webtoon and book series for review; highlight anime-inspired art";Korean manhwa review blog;-;Blog;@manhwablog;INT;bloco04_EN_WEBTOON_MANGA_MEDIO-01
novarita0511@gmail.com;ManhwaUniverss;WEBTOON/MANGA;;;;YouTube;@ManhwaUniverss;INT;bloco04_EN_WEBTOON_MANGA_MEDIO-01
melon.manga.glitch.art@gmail.com;melon_manga;WEBTOON/MANGA;;;;Linktree;@melon_manga;INT;bloco04_EN_WEBTOON_MANGA_MEDIO-01
merryweather.comics@outlook.com;Merryweather Comics;transmedia creator studio;WEBTOON originals;Anime-style webcomics;≈1.57M YouTube / ≈360K WEBTOON;YouTube / WEBTOON;@merryweathercomics;INT;bloco04_EN_WEBTOON_MANGA_MEDIO-01
meddlingmikeyt@gmail.com;mikereviews07;WEBTOON/MANGA;;;;YouTube;@mikereviews07;INT;bloco04_EN_WEBTOON_MANGA_MEDIO-01
modharvest@gmail.com;ModHarvest;WEBTOON/MANGA;;;;Carrd;@modharvest;INT;bloco04_EN_WEBTOON_MANGA_MEDIO-01
momojijiart@gmail.com;momojiji;WEBTOON/MANGA;;;;Website;@momojiji;INT;bloco04_EN_WEBTOON_MANGA_MEDIO-01
muchofanservicepodcast@gmail.com;Mucho Fanservice;Propose mention or discovery episode: free action webtoon with books;manga and fandom podcast;Anime;-;Podcast;@MuchoFanservice;INT;bloco04_EN_WEBTOON_MANGA_MEDIO-01
mywebtoonjourney@gmail.com;My Webtoon Journey;pitch the free webtoon & universe;Direct webtoon podcast;Webtoon podcast;-;Podcast;@MyWebtoonPod;INT;bloco04_EN_WEBTOON_MANGA_MEDIO-01
neoanimeztweet@gmail.com;NeoAnimeZ;Present Illusion Fight as free anime/manga recommendation with webtoon;manga and Japan;Anime;~47K X;Instagram / X / web;@NeoAnimeZ;INT;bloco04_EN_WEBTOON_MANGA_MEDIO-01
neverironanything@gmail.com;Never Iron Anything;and comics podcasting;interviews;Comics reviews;34 subscribers listed;Website / Podcast;@neverironanything;INT;bloco04_EN_WEBTOON_MANGA_MEDIO-01
oniraneo@gmail.com;niransenpai;WEBTOON/MANGA;;;;Website;@oniraneo;INT;bloco04_EN_WEBTOON_MANGA_MEDIO-01
tanishamitrano1@gmail.com;nishathenerd;WEBTOON/MANGA;;;1;Beacons;@nishathenerd;INT;bloco04_EN_WEBTOON_MANGA_MEDIO-01
nosolomanga@gmail.com;No Solo Manga;WEBTOON/MANGA;Free action webtoon with books and RPG. Recommendation for manga readers.;Manga / Webtoon / Anime;~1.6K;Blog;@nosolomanga;INT;bloco04_EN_WEBTOON_MANGA_MEDIO-01
nordicotaku@gmail.com;Nordic Otaku;WEBTOON/MANGA;Action webtoon + tactical RPG from single creator;English — Anime, manga and pop culture;≈21K;YOUTUBE;@NordicOtaku;INT;bloco04_EN_WEBTOON_MANGA_MEDIO-01
noya.manga@gmail.com;Noya Manga;WEBTOON/MANGA;;;;Linktree;@noyamanga;INT;bloco04_EN_WEBTOON_MANGA_MEDIO-01
omnigeekempire@gmail.com;OmniGeekEmpire;WEBTOON/MANGA;;;;YouTube;@omnigeekempire;INT;bloco04_EN_WEBTOON_MANGA_MEDIO-01
otakuindia@gmail.com;Otaku India Network;WEBTOON/MANGA;Anime style faction layout designs across a free webtoon, book, and combat platform;English — WEBTOON/MANGA;≈28K;YOUTUBE;@otaku_india;INT;bloco04_EN_WEBTOON_MANGA_MEDIO-01
spichihua@gmail.com;Otaku Press;video games;manga;Anime;-;Blog;@otakupress;INT;bloco04_EN_WEBTOON_MANGA_MEDIO-01
otakuusa@gmail.com;Otaku USA Magazine;cosplay;manga;Anime;≈50K;Magazine / Website;@Otaku_USA;INT;bloco04_EN_WEBTOON_MANGA_MEDIO-01
myquynhkg@gmail.com;Ouka Leo;WEBTOON/MANGA;;;;Website;@Ouka_Leo;INT;bloco04_EN_WEBTOON_MANGA_MEDIO-01
trebro@gmail.com;Panel Patter;small-press reviews;webcomics;Independent comics;-;Blog / Substack;@panelpatter;INT;bloco04_EN_WEBTOON_MANGA_MEDIO-01
phongphong.ly.t1@gmail.com;Phong Ly;WEBTOON/MANGA;;;1;Linktree;@phong_ly_;INT;bloco04_EN_WEBTOON_MANGA_MEDIO-01
pluvias@live.com;Pluvias;WEBTOON/MANGA;;;;YouTube;@Pluvias;INT;bloco04_EN_WEBTOON_MANGA_MEDIO-01
podkastmanga@gmail.com;PodKast Manga;WEBTOON/MANGA;FR;;;Podcast;@podkastmanga;INT;bloco04_EN_WEBTOON_MANGA_MEDIO-01
princesuze01@gmail.com;princethemangaka;WEBTOON/MANGA;;;01;Linktree;@princethemangaka;INT;bloco04_EN_WEBTOON_MANGA_MEDIO-01
t.4theone@gmail.com;Proto Zu;WEBTOON/MANGA;;;4;Website;@protozu;INT;bloco04_EN_WEBTOON_MANGA_MEDIO-01
purpl3frogyt@gmail.com;Purple Frog;and light novels;manhwa;Manga collection;---;YouTube;@purpl3frog;INT;bloco04_EN_WEBTOON_MANGA_MEDIO-01
rbgtalkytofficial@gmail.com;RBGTalk;WEBTOON/MANGA;;;;Linktree;@rbgtalk;INT;bloco04_EN_WEBTOON_MANGA_MEDIO-01
readswithrachel@thestation.io;Reads with Rachel;Webtoon + book bridge;SFF crossover;Manga and book reviews;≈95K;YouTube;@ReadswithRachel;INT;bloco04_EN_WEBTOON_MANGA_MEDIO-01
rem26art@gmail.com;rem26_art;WEBTOON/MANGA;;;26;Website;@rem26art;INT;bloco04_EN_WEBTOON_MANGA_MEDIO-01
reynardcity@gmail.com;Reynard City Chronicles;blogs;guest reviews;Webcomic features;---;Website / Webcomic;@ReynardCity;INT;bloco04_EN_WEBTOON_MANGA_MEDIO-01
realrookiepotato2@gmail.com;rookie;WEBTOON/MANGA;;;2;Website;@rookie;INT;bloco04_EN_WEBTOON_MANGA_MEDIO-01
ryloustream@gmail.com;rylou;WEBTOON/MANGA;;;;Twitch;@rylouu;INT;bloco04_EN_WEBTOON_MANGA_MEDIO-01
sai.tiktok.collabs@gmail.com;sai_qqqt;WEBTOON/MANGA;;;;Linktree;@sai_qqqt;INT;bloco04_EN_WEBTOON_MANGA_MEDIO-01
saigamiproject@gmail.com;SaigamiProject;WEBTOON/MANGA;Canada;;;Carrd;@saigamiproject;INT;bloco04_EN_WEBTOON_MANGA_MEDIO-01
samidemonster@gmail.com;SamiDeMonster;WEBTOON/MANGA;;;;Linktree;@samidemonster;INT;bloco04_EN_WEBTOON_MANGA_MEDIO-01
sanae.ccoff@gmail.com;Sanae;WEBTOON/MANGA;;;;Beacons;@sanae_cc;INT;bloco04_EN_WEBTOON_MANGA_MEDIO-01
senchansart@gmail.com;Sen-chans Art;WEBTOON/MANGA;;;;Linktree;@senchansart;INT;bloco04_EN_WEBTOON_MANGA_MEDIO-01
serrataadrian@gmail.com;Serrata Adrian;Pitch of free webtoon created in parallel with book;manga and comic creation;Webtoon;-;YouTube;-;INT;bloco04_EN_WEBTOON_MANGA_MEDIO-01
shells.fleur@gmail.com;shelleys;WEBTOON/MANGA;;;;YouTube;@shelleys;INT;bloco04_EN_WEBTOON_MANGA_MEDIO-01
shirorecap@gmail.com;Shiro Recap;Pitch of free action webtoon for manhwa/webtoon accustomed audience;webtoon and summaries in Spanish;Manhwa;-;YouTube;-;INT;bloco04_EN_WEBTOON_MANGA_MEDIO-01
shiroswann@gmail.com;shiroswann;WEBTOON/MANGA;;;;Beacons;@shiroswann;INT;bloco04_EN_WEBTOON_MANGA_MEDIO-01
shojoandtell@gmail.com;Shojo and Tell;factions;Position the webtoon and book series as a free manga-adjacent universe with character drama;Shojo and josei manga analysis;~5K listeners;Podcast;@shojoandtell;INT;bloco04_EN_WEBTOON_MANGA_MEDIO-01
shonenbreakdown@gmail.com;Shonen Breakdown;WEBTOON/MANGA;Faction war dynamics and power systems configuration inside the comic;English — Shonen/Seinen Action Lore;≈87K;YOUTUBE;@ShonenBreakdown;INT;bloco04_EN_WEBTOON_MANGA_MEDIO-01
shonenscholar@gmail.com;Shonen Scholar;WEBTOON/MANGA;Factions and power systems breakdown of Illusion Fight;English — Anime/Manga Breakdown Essays;≈52K;YOUTUBE;@ShonenScholar;INT;bloco04_EN_WEBTOON_MANGA_MEDIO-01
sinahehart@gmail.com;sinaheh;WEBTOON/MANGA;;;;YouTube;@sinaheh;INT;bloco04_EN_WEBTOON_MANGA_MEDIO-01
softballbomber53@gmail.com;Softballbomber53;WEBTOON/MANGA;;;;YouTube;@Softballbomber53;INT;bloco04_EN_WEBTOON_MANGA_MEDIO-01
publisher@solrad.co;SOLRAD;webcomics;interviews;Comics criticism;-;Online comics magazine;@SOLRADmag;INT;bloco04_EN_WEBTOON_MANGA_MEDIO-01
s7085993@gmail.com;SophsStories;WEBTOON/MANGA;;;;YouTube;@SophsStories;INT;bloco04_EN_WEBTOON_MANGA_MEDIO-01
mrspringsproductions@gmail.com;Springs / Avery;WEBTOON/MANGA;;;;YouTube;@mrspring;INT;bloco04_EN_WEBTOON_MANGA_MEDIO-01
supashonen@gmail.com;Supa Shonen;WEBTOON/MANGA;Battle dynamics and faction worldbuilding of Illusion Fight;English — Shonen Anime & Manga Essays;≈65K;YOUTUBE;@SupaShonen;INT;bloco04_EN_WEBTOON_MANGA_MEDIO-01
supereyepatchwolf@gmail.com;Super Eyepatch Wolf;WEBTOON/MANGA;Deep-dive narrative structure analysis crossing over from manga to webtoons;Anime & Manga Video Essays;1.4M;YOUTUBE;@SuperEyepatchWolf;INT;bloco04_EN_WEBTOON_MANGA_MEDIO-01
takutoanimecafe@gmail.com;Takuto Anime Cafe;and light novel recommendations;manhwa;Manga;---;YouTube;@TakutoAnimeCafe;INT;bloco04_EN_WEBTOON_MANGA_MEDIO-01
thedarksage1@gmail.com;The Dark Sage;WEBTOON/MANGA;;;1;YouTube;@thedarksage;INT;bloco04_EN_WEBTOON_MANGA_MEDIO-01
themanhwahub@gmail.com;The Manhwa Hub;WEBTOON/MANGA;Pitch the free action webtoon series as an entry point;Manhwa recaps and recommendations;7400;YouTube;@ManhwaHub;INT;bloco04_EN_WEBTOON_MANGA_MEDIO-01
onepiecepodcast@gmail.com;The One Piece Podcast;Pitch the action-lore;long-form weekly fandom podcast;Anime and manga discussion;-;Podcast / Website;@OnePiecePodcast;INT;bloco04_EN_WEBTOON_MANGA_MEDIO-01
otakuvaultng@gmail.com;The Otaku Vault Nigeria;WEBTOON/MANGA;African market outreach;English — The Otaku Vault Nigeria;7.6K;YOUTUBE;@otakuvaultng;INT;bloco04_EN_WEBTOON_MANGA_MEDIO-01
shonenkenya@gmail.com;The Shonen Kenya;WEBTOON/MANGA;Pitch the high-stakes combat choreography.;English — Anime and action manga;22K;YOUTUBE;@shonenkenya;INT;bloco04_EN_WEBTOON_MANGA_MEDIO-01
theshortboxjax@gmail.com;The Short Box Podcast;creator interviews;pop culture;Comic books;-;Podcast / Website;@theshortboxpod;INT;bloco04_EN_WEBTOON_MANGA_MEDIO-01
thewebtoonroom@gmail.com;The Webtoon Room;pitch Illusion Fight webtoon;Perfect fit: webtoon-focused podcast;Webtoon podcast;-;Podcast;@thewebtoonroom;INT;bloco04_EN_WEBTOON_MANGA_MEDIO-01
wildwebcomicreviewer@gmail.com;The Wild Webcomic Review;WEBTOON/MANGA;"Pitch Illusion Fight as a free action webtoon with deep lore; ask for a review or feature.";Webcomic reviews;-;Blog;@wildwebcomicreview;INT;bloco04_EN_WEBTOON_MANGA_MEDIO-01
weareanimemen@gmail.com;TheAnimeMen;WEBTOON/MANGA;;;;YouTube;@TheAnimeMen;INT;bloco04_EN_WEBTOON_MANGA_MEDIO-01
thebookleo.business@gmail.com;TheBookLeo;WEBTOON/MANGA;;;;YouTube;@TheBookLeo;INT;bloco04_EN_WEBTOON_MANGA_MEDIO-01
themermaidscales@clout.pocketaces.in;themermaidscales3585;WEBTOON/MANGA;;;;YouTube;@themermaidscales3585;INT;bloco04_EN_WEBTOON_MANGA_MEDIO-01
stultz.kt@gmail.com;Theo Stultz;WEBTOON/MANGA;;;;Carrd;@theostultz;INT;bloco04_EN_WEBTOON_MANGA_MEDIO-01
thirdimpactanime@gmail.com;Third Impact Anime;anime fandom discussion;convention panels;Anime reviews;-;Podcast / Website;@TI_Anime;INT;bloco04_EN_WEBTOON_MANGA_MEDIO-01
thoughtsontomes@gmail.com;Thoughts on Tomes;tactical RPG tie-in;Pitch the free SFF action book series with webtoon art;Fantasy book discussions;;YouTube;@ThoughtsOnTomes;INT;bloco04_EN_WEBTOON_MANGA_MEDIO-01
tintayhoja98@gmail.com;Tinta y Hoja;Angle of free independent author webtoon with expanded universe;manga and recommendations;Webtoon Canvas;-;YouTube / blog;-;INT;bloco04_EN_WEBTOON_MANGA_MEDIO-01
tofubunsvt@gmail.com;tofubuns;WEBTOON/MANGA;;;;Linktree;@tofubuns;INT;bloco04_EN_WEBTOON_MANGA_MEDIO-01
tomosygrapas@gmail.com;Tomos y Grapas;Propose webtoon/comic coverage of the project for its creator-owned and free transmedia approach;graphic novels and illustration;Comics;-;Website/YouTube/Podcast;@tomosygrapas;INT;bloco04_EN_WEBTOON_MANGA_MEDIO-01
undisputedanime@gmail.com;Undisputed Anime;fandom discussion;manga coverage;Anime reviews;-;Podcast / YouTube;@UndisputedAnime;INT;bloco04_EN_WEBTOON_MANGA_MEDIO-01
ogsomangera@gmail.com;vanelover;WEBTOON/MANGA;;;;Linktree;@vanelover;INT;bloco04_EN_WEBTOON_MANGA_MEDIO-01
veldenmire@gmail.com;Veldenmire;WEBTOON/MANGA;;;;Website;@veldenmire;INT;bloco04_EN_WEBTOON_MANGA_MEDIO-01
vivaermanga@gmail.com;Viva Er Manga;factions and lore for manga/anime audience;Pitch webtoon-first with action aesthetic;Manga and anime in Spain and Japan;~59K X;YouTube / X;@VivaErManga;INT;bloco04_EN_WEBTOON_MANGA_MEDIO-01
warrocketpodcast@gmail.com;War Rocket Ajax;creator interviews;pop culture;Comics;-;Podcast;@warrocketajax;INT;bloco04_EN_WEBTOON_MANGA_MEDIO-01
webtoonmnl@gmail.com;Webtoon Manila Focus;WEBTOON/MANGA;High-impact action webtoon franchise optimized for global comic user circles;English — WEBTOON/MANGA;≈49K;YOUTUBE;@webtoon_mnl;INT;bloco04_EN_WEBTOON_MANGA_MEDIO-01
needtime0514@naver.com;Webtoon Review Blog;tactical RPG;"Pitch free action webtoon as review target; mention books";Korean webtoon review blog;-;Blog;@webtoonreview;INT;bloco04_EN_WEBTOON_MANGA_MEDIO-01
webtoontheory@gmail.com;Webtoon Theory;WEBTOON/MANGA;Faction breakdowns and character powers;Webtoon Lore and Analysis;60K+;YouTube;@WebtoonTheory;INT;bloco04_EN_WEBTOON_MANGA_MEDIO-01
wholewheatpeet@gmail.com;wholewheatpete;WEBTOON/MANGA;;;;YouTube;@wholewheatpete;INT;bloco04_EN_WEBTOON_MANGA_MEDIO-01
wootartsbusiness@gmail.com;Woot Arts;WEBTOON/MANGA;;;;Linktree;@wootartss;INT;bloco04_EN_WEBTOON_MANGA_MEDIO-01
yasin.alif96@gmail.com;Yasin Alif;WEBTOON/MANGA;Pitch Illusion Fight as free webtoon-first action universe for manga/anime recommendation;Bangladeshi manga/anime creator and discussion channel;-;YouTube;@YasinAlif;INT;bloco04_EN_WEBTOON_MANGA_MEDIO-01
yeolliecollabs@gmail.com;yeolliestorytime;WEBTOON/MANGA;;;;Beacons;@yeolliestorytime;INT;bloco04_EN_WEBTOON_MANGA_MEDIO-01
yetanotheranimepodcast@gmail.com;Yet Another Anime Podcast;shonen and seinen fandom;seasonal anime;Anime discussion;-;Podcast;@YetAnoAniPod;INT;bloco04_EN_WEBTOON_MANGA_MEDIO-01
zerantbusiness@gmail.com;Zerant;Angle of webtoon/action universe free for manhwa audience;webtoon and manga;Manhwa;-;YouTube;-;INT;bloco04_EN_WEBTOON_MANGA_MEDIO-01
hello@animefreshmen.com;Anime Freshmen;WEBTOON/MANGA;Offer a podcast discovery/interview angle;Anime podcast and London-based anime discussion platform;-;Podcast / YouTube / Instagram;@AnimeFreshmen;INT;bloco04_EN_WEBTOON_MANGA_MEDIO-02
interest@animenewsnetwork.com;Anime News Network (Interest);WEBTOON/MANGA;Pitch webtoon as interest piece - Brazilian action universe hitting global audiences;Anime / Manga Interest Features;largest anime news;Website;@animenewsnetwork;INT;bloco04_EN_WEBTOON_MANGA_MEDIO-02
info@animenorth.com;Anime North;artist alley;cosplay;Canadian anime convention;≈30K+ social;Convention / Website / X;@anime_north;INT;bloco04_EN_WEBTOON_MANGA_MEDIO-02
info@animenyc.com;Anime NYC;fandom events;artist alley;Anime convention;≈40K Facebook;Convention / Website / Instagram;@animenyc;INT;bloco04_EN_WEBTOON_MANGA_MEDIO-02
hello@animeuknews.net;Anime UK News;covers manga;UK-based;Anime/manga reviews;—;Website;@animeuknews;INT;bloco04_EN_WEBTOON_MANGA_MEDIO-02
contactoanmtvla@gmail.com;ANMTV Latinoamerica;TV and Latin American otaku culture;manga;Anime;~20K Facebook;Website/Facebook;@anmtvla;INT;bloco04_EN_WEBTOON_MANGA_MEDIO-02
luckrunss@gmail.com;ccherias art;WEBTOON/MANGA;;;;Carrd;@ccherias;INT;bloco04_EN_WEBTOON_MANGA_MEDIO-02
kogamerfire@gmail.com;Chalupa_bruh;WEBTOON/MANGA;;;;YouTube;@Chalupa_bruh;INT;bloco04_EN_WEBTOON_MANGA_MEDIO-02
cosmiclilscos@gmail.com;Cosmic Lils;WEBTOON/MANGA;;;;Linktree;@cosmic_lils;INT;bloco04_EN_WEBTOON_MANGA_MEDIO-02
cosmodeworld@gmail.com;COSMODE Magazine;WEBTOON/MANGA;"International cosplay magazine; pitch fan-art and cosplay opportunities.";Cosplay Magazine;5000;Magazine;@cosmodemag;INT;bloco04_EN_WEBTOON_MANGA_MEDIO-02
cosplaysocietymag@gmail.com;Cosplay Society Magazine;WEBTOON/MANGA;Offer Illusion Fight character sheets and visual references as original-IP cosplay inspiration.;Cosplay submissions and character photography;Niche cosplay magazine;Magazine / Instagram;@cosplay_society_magazine;INT;bloco04_EN_WEBTOON_MANGA_MEDIO-02
creativecosplaysmag@gmail.com;Creative Cosplays Magazine;WEBTOON/MANGA;"Accepts cosplay submissions; pitch original-IP cosplay concepts and character sheets.";Cosplay Magazine;2500;Magazine;@creativecosplaysmag;INT;bloco04_EN_WEBTOON_MANGA_MEDIO-02
creativegreenpk@gmail.com;Creative Green;pop-culture discussion;anime;Pakistani Urdu creative;-;YouTube;@CreativeGreenPK;INT;bloco04_EN_WEBTOON_MANGA_MEDIO-02
cyns.corner.yt@gmail.com;CynsCorner;WEBTOON/MANGA;;;;Linktree;@CynsCorner;INT;bloco04_EN_WEBTOON_MANGA_MEDIO-02
darotaku@gmail.com;Dar Otaku Space;WEBTOON/MANGA;Global South solo dev, 23 years, free action webtoon/RPG.;English/Swahili — Anime, manga, and otaku culture;4.9K;YOUTUBE;@darotakuspace;INT;bloco04_EN_WEBTOON_MANGA_MEDIO-02
info@deculture.es;Deculture;video games and Japanese culture;manga;Anime;-;Web;@Deculture_es;INT;bloco04_EN_WEBTOON_MANGA_MEDIO-02
didiwalker.work@gmail.com;Didiwalker;WEBTOON/MANGA;;;;Website;@didiwalker;INT;bloco04_EN_WEBTOON_MANGA_MEDIO-02
distopolis@gmail.com;Distopolis;Send SFF free reading pitch;sci-fi and comic reviews;Fantastic literature;-;Blog / web;@Distopolis;INT;bloco04_EN_WEBTOON_MANGA_MEDIO-02
duahautruyen68@gmail.com;Dua Hau Truyen;WEBTOON/MANGA;;;68;Beacons;@duahautruyen;INT;bloco04_EN_WEBTOON_MANGA_MEDIO-02
eliszill17@gmail.com;eliszill;WEBTOON/MANGA;;;17;Beacons;@eliszill;INT;bloco04_EN_WEBTOON_MANGA_MEDIO-02
info@eslahoradelastortas.com;Es la hora de las tortas;Angle of free action universe with webtoon and expanded narrative;manga and pop culture;Comics;-;Web / podcast;-;INT;bloco04_EN_WEBTOON_MANGA_MEDIO-02
lysandra.vuong@gmail.com;explodikid;WEBTOON/MANGA;;;;YouTube;@explodikid;INT;bloco04_EN_WEBTOON_MANGA_MEDIO-02
fanart@agnesmaelstrom.com;FanArt Submission;WEBTOON/MANGA;"Accepts fan art submissions; pitch original character art and fan-art prompts.";Fan Art Publication;2000;Website;@fanart;INT;bloco04_EN_WEBTOON_MANGA_MEDIO-02
editor@fanboyplanet.com;Fanboy Planet;TV;movies;Comics;-;Website / Podcast;@FanboyPlanet;INT;bloco04_EN_WEBTOON_MANGA_MEDIO-02
fantakoi.comics@gmail.com;fantakoi;WEBTOON/MANGA;;;;Linktree;@fantakoi;INT;bloco04_EN_WEBTOON_MANGA_MEDIO-02
firelunarcontact@gmail.com;FireLunar;WEBTOON/MANGA;;;;Beacons;@firelunar;INT;bloco04_EN_WEBTOON_MANGA_MEDIO-02
first.issue.club.podcast@gmail.com;First Issue Club;indie comics discovery;new comics;First issues;-;Podcast / Website;@FirstIssueClubPodcast;INT;bloco04_EN_WEBTOON_MANGA_MEDIO-02
furanc0art@gmail.com;furanc0;WEBTOON/MANGA;;;0;Website;@furanc0;INT;bloco04_EN_WEBTOON_MANGA_MEDIO-02
futoikarasu@gmail.com;Futoi Karasu;literature and video games;manga;Anime;-;Blog / podcast;-;INT;bloco04_EN_WEBTOON_MANGA_MEDIO-02
geekbasein@gmail.com;Geek Base India;WEBTOON/MANGA;Anime-style faction conflict across a free webtoon, text novel, and RPG layout;English — WEBTOON/MANGA;≈33K;YOUTUBE;@geekbase_in;INT;bloco04_EN_WEBTOON_MANGA_MEDIO-02
gitcanime@gmail.com;Ghost in the Cloud;and geek culture discussion;manga;Anime;-;Podcast / YouTube;@gitcanime;INT;bloco04_EN_WEBTOON_MANGA_MEDIO-02
graduateotaku1@gmail.com;Graduate Otaku;otaku culture channel;manga;Bangladeshi anime;-;YouTube;@GraduateOtaku;INT;bloco04_EN_WEBTOON_MANGA_MEDIO-02
griffey.sarmiento@gmail.com;Griffey Sarmiento;WEBTOON/MANGA;;;;Linktree;@griffey.sarmiento;INT;bloco04_EN_WEBTOON_MANGA_MEDIO-02
grimsabr@gmail.com;Grimsabr;WEBTOON/MANGA;;;;Website;@grimsabr;INT;bloco04_EN_WEBTOON_MANGA_MEDIO-02
haley@night.co;haleypham;WEBTOON/MANGA;;;;YouTube;@haleypham;INT;bloco04_EN_WEBTOON_MANGA_MEDIO-02
hallofcomicspodcastuk@gmail.com;Hall of Comics Podcast;pitch webtoon & book series;UK comics podcast;Comics podcast;-;Podcast;@HallOfComicsUK;INT;bloco04_EN_WEBTOON_MANGA_MEDIO-02
hanamidango.contacto@gmail.com;Hanami Dango;Propose interview or webtoon recommendation as free anime-inspired work with material for otaku community;manga and Japanese culture association;Anime;-;Blog/Twitch/Podcast;@HanamiDangos;INT;bloco04_EN_WEBTOON_MANGA_MEDIO-02
heroes3podcast@gmail.com;Heroes Three;WEBTOON/MANGA;;;3;Podcast;@Heroes3Podcast;INT;bloco04_EN_WEBTOON_MANGA_MEDIO-02
dianarin2104@gmail.com;Hibarin / Diana H.;WEBTOON/MANGA;;;2104;Website;@hibarinrinrin;INT;bloco04_EN_WEBTOON_MANGA_MEDIO-02
himalayananime@gmail.com;Himalayan Anime Fan;WEBTOON/MANGA;Nepal active anime scene, free dark fantasy book and webtoon bundle;Anime, Manga, Light Novels;25K;YouTube;@himalayananime;INT;bloco04_EN_WEBTOON_MANGA_MEDIO-02
kimetsuhinokami@gmail.com;Hinokami Espana;anime aesthetic;Pitch for shonen fans: action;Popular anime news and community;~34K X;X / community;@HinokamiES;INT;bloco04_EN_WEBTOON_MANGA_MEDIO-02
info@qdopp.com;Honey's Anime;light novels;manga;Anime;≈1.6K Facebook / niche web audience;Website / X / YouTube;@honeysanimeEN;INT;bloco04_EN_WEBTOON_MANGA_MEDIO-02
ircbpodcast@gmail.com;I Read Comic Books;guest interviews;reviews;Comic book discussion;-;Podcast;@ircbpodcast;INT;bloco04_EN_WEBTOON_MANGA_MEDIO-02
inkandpanels@gmail.com;Ink & Panels Webtoons;WEBTOON/MANGA;Free creator-owned action webtoon series;English — Webtoon analysis & reviews;≈25K;YOUTUBE;@InkAndPanelsWebtoons;INT;bloco04_EN_WEBTOON_MANGA_MEDIO-02
isura.eru.art@gmail.com;isura.eru;WEBTOON/MANGA;;;;Beacons;@isura.eru;INT;bloco04_EN_WEBTOON_MANGA_MEDIO-02
jandri.illustration@gmail.com;jandri.art;WEBTOON/MANGA;;;;Linktree;@jandri.art;INT;bloco04_EN_WEBTOON_MANGA_MEDIO-02
jellygoblin.art@gmail.com;Jelly Goblin;WEBTOON/MANGA;;;;Website;@jellygoblin;INT;bloco04_EN_WEBTOON_MANGA_MEDIO-02
judahdavid.business@gmail.com;judahisreadingthings;WEBTOON/MANGA;;;;YouTube;@judahisreadingthings;INT;bloco04_EN_WEBTOON_MANGA_MEDIO-02
jujutsubby91@gmail.com;Jujutsubby;WEBTOON/MANGA;;;91;Website;@jujutsubby;INT;bloco04_EN_WEBTOON_MANGA_MEDIO-02
gallery@gempakstarz.com;Kadokawa Gempak Starz;WEBTOON/MANGA;Pitch Illusion Fight webtoon and character/faction art as Malaysian comics and ACG discovery;Malaysian comics, manga-style graphic novels, and ACG publishing;-;Publisher / Gallery / Facebook;@gempakstarzpage;INT;bloco04_EN_WEBTOON_MANGA_MEDIO-02
kanamihearts@gmail.com;kanami_hearts;WEBTOON/MANGA;;;;Website;@kanami_hearts;INT;bloco04_EN_WEBTOON_MANGA_MEDIO-02
katiesbooknook426@gmail.com;KatiesBookNook426;WEBTOON/MANGA;;;;YouTube;@KatiesBookNook426;INT;bloco04_EN_WEBTOON_MANGA_MEDIO-02
kclanimangasoc@gmail.com;KCL Anime Manga Society;WEBTOON/MANGA;;;;Newsletter;@kclanimanga;INT;bloco04_EN_WEBTOON_MANGA_MEDIO-02
kenyawebtoon@gmail.com;Kenya Webtoon Hub;WEBTOON/MANGA;Focus on the action-packed webcomic chapters.;English — Webtoon and manhwa reviewers;15K;YOURUBE;@kenyawebtoonhub;INT;bloco04_EN_WEBTOON_MANGA_MEDIO-02
khalilahbusiness@gmail.com;khalilahd;WEBTOON/MANGA;;;;YouTube;@khalilahd;INT;bloco04_EN_WEBTOON_MANGA_MEDIO-02
kingcrusoe@seasonalproductions.com;KingCrusoe;Book series + webtoon starter pack;long-form reading;Manga/books;≈50K;YouTube;@KingCrusoe;INT;bloco04_EN_WEBTOON_MANGA_MEDIO-02
kiramanhwaofficial@gmail.com;Kira Manhwa;then add books;Pitch the free action webtoon first;Manhwa recap and webtoon-style action stories;---;YouTube;@KiraManhwa;INT;bloco04_EN_WEBTOON_MANGA_MEDIO-02
kragudobusiness@gmail.com;KRagudo;WEBTOON/MANGA;;;;Linktree;@kragudo;INT;bloco04_EN_WEBTOON_MANGA_MEDIO-02
kkilinsttvbusiness@gmail.com;kriskilins;WEBTOON/MANGA;;;;Beacons;@kriskilins;INT;bloco04_EN_WEBTOON_MANGA_MEDIO-02
kwinrichard@gmail.com;Kwin Richard;WEBTOON/MANGA;;;;Linktree;@kwinrichard;INT;bloco04_EN_WEBTOON_MANGA_MEDIO-02
ladigimonpedia@gmail.com;La Digimonpedia;Pitch of action universe with webtoon and tactical game for otaku audience;manga and Digimon culture;Anime;-;YouTube / community;-;INT;bloco04_EN_WEBTOON_MANGA_MEDIO-02
laestanteriadecho@hotmail.com;La Estanteria de Cho;manga;Blog with reviews of anime;Anime/manga/books;2000;Blog;@ChoHakkai;INT;bloco04_EN_WEBTOON_MANGA_MEDIO-02
latrastiendaradio@gmail.com;La Trastienda Radio;anime and pop culture;manga;Comics;-;Podcast / blog;@latrastiendaRB;INT;bloco04_EN_WEBTOON_MANGA_MEDIO-02
libraryofaviking@blackbulb.com;Library of a Viking;tactical RPG tie-in;Pitch the free SFF action book series with webtoon art;Epic fantasy/sci-fi book reviews;;YouTube;@LibraryofaViking;INT;bloco04_EN_WEBTOON_MANGA_MEDIO-02
lokistur@gmail.com;LokisturOfficial;WEBTOON/MANGA;;;;YouTube;@LokisturOfficial;INT;bloco04_EN_WEBTOON_MANGA_MEDIO-02
markiewim9@gmail.com;mackenziemarkiewicz;WEBTOON/MANGA;;;;YouTube;@mackenziemarkiewicz;INT;bloco04_EN_WEBTOON_MANGA_MEDIO-02
glynncameron0@gmail.com;MACKLENG;WEBTOON/MANGA;;;0;Linktree;@MACKLENG;INT;bloco04_EN_WEBTOON_MANGA_MEDIO-02
madrupert@gmail.com;Mad Rupert;WEBTOON/MANGA;;;;Linktree;@madrupert;INT;bloco04_EN_WEBTOON_MANGA_MEDIO-02
mancarryingthing@nebula.tv;ManCarryingThing;WEBTOON/MANGA;;;;YouTube;@ManCarryingThing;INT;bloco04_EN_WEBTOON_MANGA_MEDIO-02
mangagirls.no1@gmail.com;Manga Girls;recommendation;Pitch Illusion Fight as an action webtoon suited to recap;Manga and manhwa recap videos;---;YouTube;@MangaGirls;INT;bloco04_EN_WEBTOON_MANGA_MEDIO-02
mangakamen@gmail.com;Manga Kamen;WEBTOON/MANGA;Critical review centering on layout mechanics and lore pacing in indie action series;Manga & Webcomic Critique;75K;YOUTUBE;@MangaKamen;INT;bloco04_EN_WEBTOON_MANGA_MEDIO-02
mangamachinations@gmail.com;Manga Machinations;reading discussions;manga recommendations;Manga reviews;-;Podcast;@mangamacpodcast;INT;bloco04_EN_WEBTOON_MANGA_MEDIO-02
mangamoomin@gmail.com;Manga Moo;WEBTOON/MANGA;;;;Carrd;@mangamoooo;INT;bloco04_EN_WEBTOON_MANGA_MEDIO-02
mangaocasion@gmail.com;Manga Ocasión;WEBTOON/MANGA;Action webtoon with heavy shonen/seinen fighting style;Manga discussions and reviews;≈26K;YOUTUBE;@mangaocasion;INT;bloco04_EN_WEBTOON_MANGA_MEDIO-02
mangarecapped@gmail.com;Manga Recapped;WEBTOON/MANGA;Action webtoon first-look and recap review;English — Manga & manhwa video essays;≈92K;YOUTUBE;@MangaRecapped;INT;bloco04_EN_WEBTOON_MANGA_MEDIO-02
mangazonefr@gmail.com;Manga Zone FR;WEBTOON/MANGA;Pitching direct access translation sets to French anime-adjacent readers;French Manga Community;90K;YOUTUBE;@MangaZoneFR;INT;bloco04_EN_WEBTOON_MANGA_MEDIO-02
mangasplaining@gmail.com;Mangasplaining;WEBTOON/MANGA;Frame Illusion Fight as a free action webtoon/book universe for manga readers who want a low-friction entry point.;Manga podcast and manga reading recommendations;≈15K;Podcast / Newsletter;@mangasplaining;INT;bloco04_EN_WEBTOON_MANGA_MEDIO-02
manhicopodcast@gmail.com;Manhico Podcast;webtoon and otaku conversation;manga;Manhwa;-;Podcast / YouTube;-;INT;bloco04_EN_WEBTOON_MANGA_MEDIO-02
manhwachronicles@gmail.com;Manhwa Chronicles;WEBTOON/MANGA;Action-heavy webtoon recommendation with completely free access;English — Manhwa Recaps & Recommendations;≈76K;YOUTUBE;@ManhwaChronicles;INT;bloco04_EN_WEBTOON_MANGA_MEDIO-02
manhwaoasis@gmail.com;Manhwa Oasis;WEBTOON/MANGA;Action-packed webtoon with tactical RPG tie-in;English — Manhwa recaps & recommendations;≈52K;YOUTUBE;@ManhwaOasis;INT;bloco04_EN_WEBTOON_MANGA_MEDIO-02
manhwapadesconectar@gmail.com;MANHWA PA DESCONECTAR;Pitch of free webtoon and action saga for manhwa community;webtoon and summaries in Spanish;Manhwa;-;YouTube;-;INT;bloco04_EN_WEBTOON_MANGA_MEDIO-02
manhwareader@gmail.com;Manhwa Reader;WEBTOON/MANGA;Pitch the free action webtoon as a high-stakes series for fans;Manhwa recaps and recommendation videos;9300;YouTube;@ManhwaReader;INT;bloco04_EN_WEBTOON_MANGA_MEDIO-02
manhwarecapshub@gmail.com;Manhwa Recaps Hub;WEBTOON/MANGA;Free action webtoon suited for recap channels;English — Manhwa recaps & suggestions;≈59K;YOUTUBE;@ManhwaRecapsHub;INT;bloco04_EN_WEBTOON_MANGA_MEDIO-02
manhwasanctuary@gmail.com;Manhwa Sanctuary;WEBTOON/MANGA;Action webtoon recommendation with free universe;English — Manhwa recaps and suggestions;≈68K;YOUTUBE;@ManhwaSanctuary;INT;bloco04_EN_WEBTOON_MANGA_MEDIO-02
manhwastation@gmail.com;Manhwa Station;WEBTOON/MANGA;Pitch the faction battles and visual webtoon companion assets;Action manhwa recaps and lists;8200;YouTube;@ManhwaStation;INT;bloco04_EN_WEBTOON_MANGA_MEDIO-02
marvin.wackadoodle@gmail.com;Marvin.W;WEBTOON/MANGA;;;;Linktree;@marvin.w;INT;bloco04_EN_WEBTOON_MANGA_MEDIO-02
mattybites69@gmail.com;mattybites;WEBTOON/MANGA;;;;YouTube;@mattybites;INT;bloco04_EN_WEBTOON_MANGA_MEDIO-02
mayavenice.business@gmail.com;MayaVenice;WEBTOON/MANGA;;;;YouTube;@MayaVenice;INT;bloco04_EN_WEBTOON_MANGA_MEDIO-02
lpdmonaka@gmail.com;Monaka - Dragon Ball;Shonen angle: battles;anime and shonen community;Dragon Ball;~10K Instagram;YouTube / Twitch / X;@LPDMonaka;INT;bloco04_EN_WEBTOON_MANGA_MEDIO-02
manganaija@gmail.com;Naija Manga Reader;WEBTOON/MANGA;Introduce the free vertical scroll action webtoon as a fresh alternative.;English — Manga, manhwa, and webtoons;3.2K;YOUTUBE;@naijamangareader;INT;bloco04_EN_WEBTOON_MANGA_MEDIO-02
david.jimenez@ramenparados.com;Ramen Para Dos / David Jimenez;factions and manga aesthetics with free entry and book/RPG/OST extras;Pitch webtoon-first: action;Anime and manga in Spanish;-;Website/YouTube;@RamenParaDos;INT;bloco04_EN_WEBTOON_MANGA_MEDIO-02
keanamarie522@gmail.com;shykiki;WEBTOON/MANGA;;;;YouTube;@shykiki;INT;bloco04_EN_WEBTOON_MANGA_MEDIO-02
hithatsmybookshelf@gmail.com;ThatsMyBookshelf;WEBTOON/MANGA;;;;YouTube;@ThatsMyBookshelf;INT;bloco04_EN_WEBTOON_MANGA_MEDIO-02
editorial@tcj.com;The Comics Journal;graphic novels;manga;Comics criticism;-;Website / Newsletter;-;INT;bloco04_EN_WEBTOON_MANGA_MEDIO-02
contactoumaruchan@gmail.com;Umaru-chan / Maddi;Send direct access to webtoon and highlight free reading;anime and Japan content creator;Manga;-;YouTube/Instagram;@Umaruchan;INT;bloco04_EN_WEBTOON_MANGA_MEDIO-02
info.upgeekcosplay@gmail.com;UpGeekCosplay;WEBTOON/MANGA;;;;Website;@upgeekcosplay;INT;bloco04_EN_WEBTOON_MANGA_MEDIO-02
jeffthaboi2@gmail.com;WhenTheyCryBlood;WEBTOON/MANGA;;;2;YouTube;@whentheycryblood;INT;bloco04_EN_WEBTOON_MANGA_MEDIO-02
info@zonanegativa.com;Zona Negativa;film and geek culture;manga;Comics;-;Website/Podcast;@ZonaNegativa;INT;bloco04_EN_WEBTOON_MANGA_MEDIO-02
info@animeanime.jp;アニメ！アニメ！;WEBTOON/MANGA;;;;Website;;INT;bloco04_EN_WEBTOON_MANGA_MEDIO-02
cuhkacs31@gmail.com;香港中文大學動漫畫研究社 — Instagram / Student ACG community;WEBTOON/MANGA;;;31;Website;;INT;bloco04_EN_WEBTOON_MANGA_MEDIO-02
aweekingeekdom@gmail.com;A Week in Geekdom;and fandom commentary;geek culture;Anime reviews;-;YouTube;@AWeekInGeekdom;INT;bloco04_EN_WEBTOON_MANGA_MEDIO-03
abrelotoys@gmail.com;Abrelo Toys;collecting and toys;Japanese culture;Manga;-;YouTube;@AbreloToys;INT;bloco04_EN_WEBTOON_MANGA_MEDIO-03
acidicchoco@gmail.com;acidicchoco;WEBTOON/MANGA;;;;Carrd;@acidicchoco;INT;bloco04_EN_WEBTOON_MANGA_MEDIO-03
aimeetea.contact@gmail.com;AimeeTea_Reads;WEBTOON/MANGA;;;;YouTube;@AimeeTea_Reads;INT;bloco04_EN_WEBTOON_MANGA_MEDIO-03
aishihearts@gmail.com;aishihearts;WEBTOON/MANGA;;;;Linktree;@aishihearts;INT;bloco04_EN_WEBTOON_MANGA_MEDIO-03
alexyamcontactooficial@gmail.com;Alex Yam;Angle of free webtoon + action universe for anime/manga followers;manga and otaku culture;Anime;-;YouTube;-;INT;bloco04_EN_WEBTOON_MANGA_MEDIO-03
amberalisecontact@gmail.com;Amber Alise;WEBTOON/MANGA;;;;YouTube;@amberalise;INT;bloco04_EN_WEBTOON_MANGA_MEDIO-03
amnatyler@outlook.com;amnatyler;WEBTOON/MANGA;;;;YouTube;@amnatyler;INT;bloco04_EN_WEBTOON_MANGA_MEDIO-03
animefieldguide@gmail.com;Anime Field Guide;manga-adjacent discussion;anime fandom;Anime podcast;-;Podcast;@treehouseanimepod;INT;bloco04_EN_WEBTOON_MANGA_MEDIO-03
animeindiahindi@gmail.com;Anime India Hindi Dub News;WEBTOON/MANGA;;;03;Website;@animeindia03;INT;bloco04_EN_WEBTOON_MANGA_MEDIO-03
contact@plaintoastproductions.com;Anime Lane;pitch free anime-inspired webtoon & OST;UK anime podcast;Anime podcast;-;Podcast;@AnimeLaneCast;INT;bloco04_EN_WEBTOON_MANGA_MEDIO-03
animeworldorder@gmail.com;Anime World Order;Lead with anime-inspired factions;long-running anime podcast;Anime and manga reviews;~34.9K listeners;Podcast;@AWOPodcast;INT;bloco04_EN_WEBTOON_MANGA_MEDIO-03
animeighties@gmail.com;AnimEighties;faction conflict;Frame the universe around classic anime action energy;Retro anime discussion and anime fandom;-;YouTube / Podcast;@AnimEighties;INT;bloco04_EN_WEBTOON_MANGA_MEDIO-03
animetiontalk@gmail.com;Animetion Talk;WEBTOON/MANGA;"Blog of anime and manga reviews and analysis; Spanish-speaking audience";Anime/manga blog;1500;Blog;@animetiontalk;INT;bloco04_EN_WEBTOON_MANGA_MEDIO-03
apostlesofanime.3@gmail.com;AoA Podcast;and manhwa podcast;manga;Anime;---;Podcast / YouTube;@AoAPodcast;INT;bloco04_EN_WEBTOON_MANGA_MEDIO-03
ahkwardkat@gmail.com;ArtCrumbs;WEBTOON/MANGA;US;;;Linktree;@artcrumbs;INT;bloco04_EN_WEBTOON_MANGA_MEDIO-03
budiey.isma@gmail.com;Budiey;WEBTOON/MANGA;;;≈71K;YouTube;@budiey;INT;bloco04_EN_WEBTOON_MANGA_MEDIO-03
cairootaku@gmail.com;Cairo Otaku Realm;WEBTOON/MANGA;Global South solo dev spent 23 years building a free action webtoon/RPG universe.;Arabic/English — Anime, manga, and otaku culture;29K;YOUTUBE;@cairootakurealm;INT;bloco04_EN_WEBTOON_MANGA_MEDIO-03
callofspaceybusiness@gmail.com;callofspacey;WEBTOON/MANGA;;;;Beacons;@callofspacey;INT;bloco04_EN_WEBTOON_MANGA_MEDIO-03
capturedinwords@outlook.com;Captured in Words;tactical RPG tie-in;Pitch the free SFF action book series with webtoon art;Fantasy books and adaptations;;YouTube;@CapturedInWords;INT;bloco04_EN_WEBTOON_MANGA_MEDIO-03
casaotaku@gmail.com;Casablanca Otaku;WEBTOON/MANGA;Global South solo dev, 23 years, free action webtoon/RPG universe.;French/Arabic — Anime, manga, and otaku culture;22K;YOUTUBE;@casaotaku;INT;bloco04_EN_WEBTOON_MANGA_MEDIO-03
catfish.comicsandillustration@gmail.com;catfish;WEBTOON/MANGA;;;;Carrd;@catfishpond;INT;bloco04_EN_WEBTOON_MANGA_MEDIO-03
catiekilmury@gmail.com;Catie Kilmury;WEBTOON/MANGA;;;;Linktree;@catiekilmury;INT;bloco04_EN_WEBTOON_MANGA_MEDIO-03
chikuseren@gmail.com;chikuseren;WEBTOON/MANGA;;;;Website;@chikuseren;INT;bloco04_EN_WEBTOON_MANGA_MEDIO-03
clarisinne@gmail.com;Clarisinne;WEBTOON/MANGA;;;;Linktree;@clarisinne;INT;bloco04_EN_WEBTOON_MANGA_MEDIO-03
claureadsbooks@gmail.com;Claureadsbooks;Pitch of free saga and webtoon for visual fantasy readers;reading and webtoon;BookTube;-;YouTube / BookTube;-;INT;bloco04_EN_WEBTOON_MANGA_MEDIO-03
cloudkittenchaos@gmail.com;Cloud Kitten Chaos;WEBTOON/MANGA;;;;Beacons;@chelseacloudkitten;INT;bloco04_EN_WEBTOON_MANGA_MEDIO-03
comicbookclublive@gmail.com;Comic Book Club News;interviews;reviews;Comics news;~301 Apple reviews;Website / Podcast;@comicbookclublive;INT;bloco04_EN_WEBTOON_MANGA_MEDIO-03
contact@comicbooknews.co.uk;Comic Book News UK;press release for webtoon & books;UK comics site;UK indie comics;-;Website;@comicbooknewsuk;INT;bloco04_EN_WEBTOON_MANGA_MEDIO-03
comicbooksavant@gmail.com;Comic Book Savant;and business inquiries;comics podcasting;Comics reviews;---;YouTube / Podcast;@ComicBookSavant;INT;bloco04_EN_WEBTOON_MANGA_MEDIO-03
comicbooksquares@gmail.com;Comic Book Squares;tactical RPG;Pitch Illusion Fight as a free indie webtoon/comics project with books;Independent comics reviews and creator interviews;-;Podcast / YouTube;@comicbooksquares;INT;bloco04_EN_WEBTOON_MANGA_MEDIO-03
comicscenecr@gmail.com;ComicScene;and creator contributions;independent comics;Comics culture;---;Website / Magazine;@ComicScene;INT;bloco04_EN_WEBTOON_MANGA_MEDIO-03
contacto@comicverso.com;Comicverso;board games and geek culture;manga;Comics;-;Web;@Comicverso;INT;bloco04_EN_WEBTOON_MANGA_MEDIO-03
contacto@cuartomundo.cl;Cuarto Mundo;video games and comic library;pop culture;Comics;-;Web / blog;@CuartoMundoCL;INT;bloco04_EN_WEBTOON_MANGA_MEDIO-03
avocadoiswonderful@gmail.com;Daylightreads13;WEBTOON/MANGA;;;;YouTube;@Daylightreads13;INT;bloco04_EN_WEBTOON_MANGA_MEDIO-03
alexandragoodwin98@gmail.com;JustAli;WEBTOON/MANGA;;;;YouTube;@JustAli;INT;bloco04_EN_WEBTOON_MANGA_MEDIO-03
contacto.legionanime@gmail.com;Legion Anime;"theories and reviews of anime and manga; Spanish-speaking community";Blog of news;Anime/manga blog;1000;Blog;@legionanime;INT;bloco04_EN_WEBTOON_MANGA_MEDIO-03
contact@leonilane.com;LeoniLane;WEBTOON/MANGA;;;;YouTube;@LeoniLane;INT;bloco04_EN_WEBTOON_MANGA_MEDIO-03
contact@mangamavericks.com;Manga Mavericks;WEBTOON/MANGA;Pitch the webtoon/book bridge as an indie manga-style project with global English availability and creator-owned worldbuilding.;Manga industry discussion and manga culture podcast;≈10K+;Podcast / Website / Instagram;@mangamavericks_official;INT;bloco04_EN_WEBTOON_MANGA_MEDIO-03
comics@monkeysfightingrobots.com;Monkeys Fighting Robots Comics;WEBTOON/MANGA;Webtoon style action paired with fantasy novel;Independent Comics Coverage;50K+;Website;@mfr_comics;INT;bloco04_EN_WEBTOON_MANGA_MEDIO-03
contacto@multianime.com.mx;MultiAnime;gaming;manga;Anime;~13K Facebook;Website/Podcast/YouTube;@MultiAnimeMX;INT;bloco04_EN_WEBTOON_MANGA_MEDIO-03
contacto@tebeosfera.com;Tebeosfera;manga and research;tebeo;Comics;-;Web / archive / magazine;-;INT;bloco04_EN_WEBTOON_MANGA_MEDIO-03
comicbookpalace@gmail.com;The Comic Book Palace;WEBTOON/MANGA;Webtoon-first entry point into a multi-format action fantasy universe;English — Indie Comic & Graphic Novel Reviews;≈22K;YOUTUBE;@ComicBookPalace;INT;bloco04_EN_WEBTOON_MANGA_MEDIO-03
contact@theoasg.com;TheOASG;manga industry;light novels;Anime;Niche otaku culture site;Website / Podcast / Mastodon;@TheOASG;INT;bloco04_EN_WEBTOON_MANGA_MEDIO-03
contacto@warp.com.mx;WARP;video games and entertainment;anime;Pop culture;-;Web / digital magazine;-;INT;bloco04_EN_WEBTOON_MANGA_MEDIO-03
advertise@watchmojo.com;WatchMojo;WEBTOON/MANGA;;;;YouTube;@WatchMojo;INT;bloco04_EN_WEBTOON_MANGA_MEDIO-03
submissions@abyssapexzine.com;Abyss & Apex;poetry;fantasy;Speculative fiction magazine;Niche SFF magazine;Magazine / Website;@Abyss_Apex;INT;bloco05_EN_BOOKS_SFF-01
any.pacman@gmail.com;Any Pacman;BOOKS;fantasy and books in Spanish;BookTube;-;YouTube / BookTube;-;INT;bloco05_EN_BOOKS_SFF-01
arielbissett@gmail.com;Ariel Bissett;indie-friendly;Book reviews;SFF/Literary book reviews;150K+;YouTube;@arielbissett;INT;bloco05_EN_BOOKS_SFF-01
arh.turner@gmail.com;Autumn Turner;post-apocalyptic indie book reviews;dystopian;SFF;-;Kindle Book Review Reviewer;-;INT;bloco05_EN_BOOKS_SFF-01
ethanharu@gmail.com;Baglets;game;Creator-to-creator pitch around building a free anime-action IP across webtoon;Animation and WEBTOON creator content;---;YouTube / WEBTOON;@BagletsOfficial;INT;bloco05_EN_BOOKS_SFF-01
rebecca.crook@hotmail.co.uk;Becky's Book Blog;adult and YA reviews;horror;Fantasy;2K+ subscribers;Book review blog;@CrooksBooks;INT;bloco05_EN_BOOKS_SFF-01
beforewegoblog@gmail.com;Before We Go Blog;indie SFF reviews;sci-fi;Fantasy;≈5K monthly visits;Website / Blog;@beforewegoblog;INT;bloco05_EN_BOOKS_SFF-01
bookasaur.reads@gmail.com;Bookasaur;US;, webtoon format and graphic-novel adjacency. BOOKS;;12K;Linktree;@bookasaur.reads;INT;bloco05_EN_BOOKS_SFF-01
submissions@booklore.co.uk;BookLore;UK;Submit the free action-fantasy book series as a digital review package;Independent UK book review site;-;Book review website;-;INT;bloco05_EN_BOOKS_SFF-01
chroniclesbooks@gmail.com;BookTube Chronicles;US;Free SFF epic book series with webtoon companion;English — Fantasy & SFF book reviews;≈15K;YOUTUBE;@BookTubeChronicles;INT;bloco05_EN_BOOKS_SFF-01
booktubepanama@gmail.com;Booktube Panama;Angle of free action/fantasy saga for young and visual readers;reviews;BookTube;~3.7K;BookTube / Facebook;@booktubepanama;INT;bloco05_EN_BOOKS_SFF-01
zurielmalfoy68@gmail.com;Boy Meets Books Mx;BOOKS;sci-fi and fantasy;BookTube;-;YouTube;@BoyMeetsBooksMx;INT;bloco05_EN_BOOKS_SFF-01
reviews@britishfantasysociety.org;British Fantasy Society;BOOKS;Sociedade britânica;Fantasy community UK;—;Society;@BritFancySoc;INT;bloco05_EN_BOOKS_SFF-01
chroniclesbooktube@gmail.com;Chronicles of BookTube;US;Action fantasy book trilogy + webtoon tie-in;English — Fantasy and YA book reviews;≈19K;YOUTUBE;@ChroniclesOfBookTube;INT;bloco05_EN_BOOKS_SFF-01
chroniclesoffantasy@gmail.com;Chronicles of Fantasy;US;Action fantasy book trilogy + webtoon tie-in;English — Fantasy and YA book reviews;≈20K;YOUTUBE;@ChroniclesOfFantasy;INT;bloco05_EN_BOOKS_SFF-01
corereviewsblog@gmail.com;Core Reviews;US;fit all three review lanes WEBTOON/MANGA;;≈323;Blog;@CoreReviews;INT;bloco05_EN_BOOKS_SFF-01
creativecornerstones@gmail.com;Creative Cornerstones;and SFF;indie author features;Book reviews;---;Website / Blog;@creativecornerstones;INT;bloco05_EN_BOOKS_SFF-01
dac.artvn@gmail.com;DaC Studio;Vietnam;universe for ese manga-comic audiences. WEBTOON/MANGA Vietnam;;;Linktree;@dacstudio;INT;bloco05_EN_BOOKS_SFF-01
daniel@danielbgreene.com;Daniel Greene;;Reviews de fantasia épica;Fantasy books;613K;YouTube;@DanielGreeneReviews;INT;bloco05_EN_BOOKS_SFF-01
dg182uk@gmail.com;Dead Girl Reads;Offer the free action-SFF book series for review;dark fantasy;Fantasy;-;Book review blog / Instagram;@deadgirlreads;INT;bloco05_EN_BOOKS_SFF-01
dearfantasyreaderpod@gmail.com;Dear Fantasy Reader;BOOKS;UK-based fantasy podcast;Fantasy book podcast;-;Podcast;@dearfantasyreader;INT;bloco05_EN_BOOKS_SFF-01
dirtyreadsandme@gmail.com;DirtyReadsAndMe;International;and manga reading content Pitch the free book series plus manga/webtoon entry point as a visual SFF recommendation. BOOKS;;;Linktree;@dirtyreadsandme;INT;bloco05_EN_BOOKS_SFF-01
domainaniki@163.com;Domain Aniki;tactical hex-grid RPG;Pitch Illusion Fight as a free anime-action universe with webtoon;Solo Leveling/JJK/Chainsaw Man breakdowns;;YouTube;@domainaniki;INT;bloco05_EN_BOOKS_SFF-01
ecobgnoise@gmail.com;EcoGirl2759;US;as deeper exploration paths. WEBTOON/MANGA;;2759;Carrd;@slhs-ecogirl;INT;bloco05_EN_BOOKS_SFF-01
danielogarvil@gmail.com;El Caballero del Arbol Sonriente;Spain;Pitch of free fantasy/action saga for genre readers;Fantastic literature and science fiction;-;Blog / podcast;-;INT;bloco05_EN_BOOKS_SFF-01
elespejodecarmesina@gmail.com;El Espejo de Carmesina;BOOKS;fantasy and sci-fi;Literary reviews;-;Blog;@espejocarmesina;INT;bloco05_EN_BOOKS_SFF-01
correo@eltemplodelasmilpuertas.com;El Templo de las Mil Puertas;Spain;Present the free saga as YA/SFF entry point with webtoon and tactical game as narrative ecosystem;Youth and fantasy literature magazine;-;Online Magazine;@ElTemplo_Mil;INT;bloco05_EN_BOOKS_SFF-01
fantasybookcriticblog@gmail.com;Fantasy Book Critic;BOOKS;Aceita indie authors;Fantasy/SFF/Horror;—;Blog;@FantasyBookCritic;INT;bloco05_EN_BOOKS_SFF-01
reviews@fantasybookreview.co.uk;Fantasy Book Review UK;UK;Deep worldbuilding, factions, and prose depth;Epic Fantasy Novel Coverage;50K+;Website;@FantasyBookRev;INT;bloco05_EN_BOOKS_SFF-01
kristen@fantasybookcafe.com;Fantasy Cafe;;Send a concise review request centered on the fantasy/sci-fi book series and its free digital availability.;Fantasy and science fiction book reviews;≈3K;Blog;@FantasyBookCafe;INT;bloco05_EN_BOOKS_SFF-01
fantasylorehub@gmail.com;Fantasy Lore Hub;Malaysia;Focus on the faction system and 23 years of universe design;Worldbuilding and lore analysis;3600;YouTube;@LoreHub;INT;bloco05_EN_BOOKS_SFF-01
thefantasywriterstoolshed@gmail.com;Fantasy Writers' Toolshed;BOOKS;UK-based;Fantasy writing podcast;-;Podcast;@fantasywriterstoolshed;INT;bloco05_EN_BOOKS_SFF-01
marc@fantasy-faction.com;Fantasy-Faction;large fantasy community;Indie-friendly;Fantasy book reviews;—;Website;@FantasyFaction;INT;bloco05_EN_BOOKS_SFF-01
info@fantasymundo.com;Fantasymundo;comics and video games;sci-fi;Fantasy;-;Web;-;INT;bloco05_EN_BOOKS_SFF-01
submissions@grimdarkmagazine.com;Grimdark Magazine;;Fit para o lado mais sombrio do LDI;Dark fantasy/sci-fi;—;Magazine;@GrimdarkMag;INT;bloco05_EN_BOOKS_SFF-01
harutoaki.biz@gmail.com;Haruto Aki;Japan;;;;Website;@haruakimone;INT;bloco05_EN_BOOKS_SFF-01
hellomischatv@gmail.com;hellomischa;International;and gaming content Pitch both sides: free fantasy/action books plus tactical RPG and webtoon for fantasy-gaming crossover. BOOKS;;;Twitch;@hellomischa;INT;bloco05_EN_BOOKS_SFF-01
contact@imaginaryworldspodcast.org;Imaginary Worlds;and pop culture storytelling;fantasy;Sci-fi;≈20K;Podcast;@ImaginaryWorlds;INT;bloco05_EN_BOOKS_SFF-01
indiepitbykt@gmail.com;Indie Pitch;US;;;;Carrd;@indiepit;INT;bloco05_EN_BOOKS_SFF-01
jvaquerav@gmail.com;JamReads;historical fiction;sci-fi;Fantasy;---;Website / Blog;@JamReads;INT;bloco05_EN_BOOKS_SFF-01
jellyfishreads@gmail.com;Jellyfish Reads;BOOKS;UK book blog;Book reviews;-;Blog;@jellyfishreads;INT;bloco05_EN_BOOKS_SFF-01
jeremm.lore@gmail.com;jeremm.lore;France;in French-friendly terms, with the webtoon and tactical RPG as discovery bonuses. BOOKS;;;Linktree;@jeremm.lore;INT;bloco05_EN_BOOKS_SFF-01
jessethereader@gmail.com;jessethereader;BOOKS;Fantasy books;YA fantasy BookTube;378K;YouTube;@jessethereader;INT;bloco05_EN_BOOKS_SFF-01
ltpatridge@gmail.com;L.T. Patridge;Pitch the free fantasy book series first;historical fiction;Fantasy;-;Kindle Book Review Reviewer;-;INT;bloco05_EN_BOOKS_SFF-01
lanaveinvisible@gmail.com;La Nave Invisible;Present book series as free SFF entry point;sci-fi;Fantasy;~784 subscribers;Web / newsletter;@lanaveinvisible;INT;bloco05_EN_BOOKS_SFF-01
latenightswithgoodbooks@gmail.com;Late Nights with Good Books;US;"Submit the free SFF book series; highlight the webtoon and RPG as expanded universe content.";YA and fantasy book reviews;-;Blog;@latenightswithgoodbooks;INT;bloco05_EN_BOOKS_SFF-01
letrasdefantasia@gmail.com;Letras de Fantasía;Colombia;Free epic fantasy book series with interactive companions;Fantasy light novels and books;≈8K;YOUTUBE;@letrasdefantasia;INT;bloco05_EN_BOOKS_SFF-01
hola@libros-prohibidos.com;Libros Prohibidos;Request review of free book series with indie and transmedia universe focus;fantasy;Independent literature;-;Blog / web;@LibrosProhibid;INT;bloco05_EN_BOOKS_SFF-01
reviewbooks@lightspeedmagazine.com;Lightspeed Magazine;BOOKS;review copy mailings;Science fiction and fantasy magazine;≈30K+ social;Magazine / Website;@lightspeedmag;INT;bloco05_EN_BOOKS_SFF-01
nic.authors@gmail.com;literary_nics;International;;;;Beacons;@literary_nics;INT;bloco05_EN_BOOKS_SFF-01
lizzierosswriter@gmail.com;Lizzie Ross;Pitch the accessible free fantasy book series and visual webtoon companion as a low-friction review option.;historical fantasy;Children fantasy;-;Kindle Book Review Reviewer;-;INT;bloco05_EN_BOOKS_SFF-01
locus@locusmag.com;Locus Magazine;;A revista oficial de ficção especulativa;SFF news/reviews;—;Magazine;@locusmag;INT;bloco05_EN_BOOKS_SFF-01
loreboundbooks@gmail.com;Lore Bound Books;US;Worldbuilding focus: book series + webtoon lore;English — Fantasy and SFF BookTube;≈16K;YOUTUBE;@LoreBoundBooks;INT;bloco05_EN_BOOKS_SFF-01
loyallybear@gmail.com;LoyallyBear;International;for anime/gamer overlap. WEBTOON/MANGA;;;Carrd;@LoyallyBear;INT;bloco05_EN_BOOKS_SFF-01
readbymal@gmail.com;Mallory;International;and visual webtoon entry point for fantasy readers. BOOKS;;;Linktree;@read_by_mal;INT;bloco05_EN_BOOKS_SFF-01
mariana.boooker@gmail.com;Mariana Booker;Spanish-language market;Pitch of free fantasy saga with webtoon as entry door;BookTube and fantasy recommendations;-;YouTube / BookTube;-;INT;bloco05_EN_BOOKS_SFF-01
marshalljmooreauthor@gmail.com;Marshall J Moore;US;;;;Linktree;@marshalljmoore;INT;bloco05_EN_BOOKS_SFF-01
mattsfantasybookreviews@gmail.com;Matt's Fantasy Book Reviews;;Indie fantasy/sci-fi review request;Fantasy/sci-fi book reviews;≈32K;YouTube;@MattsFantasyBookReviews;INT;bloco05_EN_BOOKS_SFF-01
meencantaleer.es@gmail.com;Me Encanta Leer;BOOKS;Review pitch for free saga with action;Book reviews and youth/adult literature;-;Blog;@meencantaleer_es;INT;bloco05_EN_BOOKS_SFF-01
melissamoser39@gmail.com;Melissa;US;;;39;Website;@mmosby;INT;bloco05_EN_BOOKS_SFF-01
naijascifi@gmail.com;Naija SciFi Circle;Nigeria;Explore the futuristic action worldbuilding and lore sheets available on the site.;English — African sci-fi and fantasy communities;10K;YOUTUBE;@naijascificircle;INT;bloco05_EN_BOOKS_SFF-01
reviews@necessaryfiction.com;Necessary Fiction;interviews;book reviews;Literary fiction;Niche literary audience;Literary journal / Website;@necessaryfiction;INT;bloco05_EN_BOOKS_SFF-01
niloagray@gmail.com;Niloa Gray;Present the free saga as low-friction SFF reading with webtoon;youth literature;BookTube;-;YouTube/Instagram;@NiloaGray;INT;bloco05_EN_BOOKS_SFF-01
contact.nishanik@gmail.com;Nishanik —  /;India;;;;YouTube;;INT;bloco05_EN_BOOKS_SFF-01
nordicfantasy@outlook.com;Nordic Fantasy;Norway;Free dark fantasy book universe with webtoon ties;English — SFF books and graphic novels;≈5K;YOUTUBE;@NordicFantasyCh;INT;bloco05_EN_BOOKS_SFF-01
onceuponabookcase@gmail.com;Once Upon a Bookcase;BOOKS;UK fantasy blog;Fantasy book reviews;-;Blog;@onceuponabookcase;INT;bloco05_EN_BOOKS_SFF-01
ouropinionsarecorrect@gmail.com;Our Opinions Are Correct;TV;pop culture;Science fiction;Hugo-winning SFF podcast;Podcast / Website / Instagram;@OOACpod;INT;bloco05_EN_BOOKS_SFF-01
portalfantasi@gmail.com;Penggemar Novel Fantasi Indonesia;Indonesia;;;≈1.9K;Website;@portalfantasi;INT;bloco05_EN_BOOKS_SFF-01
ryaltyworld@gmail.com;plortasies;International;;;;Beacons;@plortasies;INT;bloco05_EN_BOOKS_SFF-01
powderandpage@gmail.com;Powder & Page;mystery reviews;science fiction;Fantasy;Niche blog;Website / Blog;@powderandpage;INT;bloco05_EN_BOOKS_SFF-01
pudumarciano@gmail.com;Pudu Marciano;Pitch of free transmedia speculative universe with literature;fantasy;Speculative fiction;-;Magazine / blog;-;INT;bloco05_EN_BOOKS_SFF-01
quickbookreviews@outlook.com;Quick Book Reviews;BOOKS;UK book podcast;Book reviews;-;Podcast;@quickbookreviews;INT;bloco05_EN_BOOKS_SFF-01
indies@readerviews.com;Reader Views;Pitch an indie author interview/review angle around a free SFF universe built across four media formats.;interviews;Independent author book reviews;-;Website / Review service;@reader_views;INT;bloco05_EN_BOOKS_SFF-01
readwithcindy@fixated.com;readwithcindy;;Free SFF book series with webtoon tie-in;Fantasy/sci-fi reviews;591K;YouTube;@readwithcindy;INT;bloco05_EN_BOOKS_SFF-01
sandradaigle787@gmail.com;Sandra Daigle;US;as the lead review target. BOOKS Canada;;787;Carrd;@sandradaigle;INT;bloco05_EN_BOOKS_SFF-01
l-a-u-r-a@live.co.uk;Scattered Figments;BOOKS;UK book blog;Book reviews;-;Blog;@scatteredfigments;INT;bloco05_EN_BOOKS_SFF-01
editor@selfpublishingreview.com;Self-Publishing Review;;Dedicated indie author review site;Indie/Self-pub book reviews;20K+ monthly;Blog/Site;selfpublishingreview.com;INT;bloco05_EN_BOOKS_SFF-01
ant@sfbook.com;SFBook;Send a clean SFF review pitch for the free book series;fantasy;Science fiction;-;Book review website;@sfbook;INT;bloco05_EN_BOOKS_SFF-01
gfwillmetts-2@hotmail.co.uk;SFcrowsnest;anime;fantasy;Science fiction;-;Website / Magazine;@SFcrowsnest;INT;bloco05_EN_BOOKS_SFF-01
sffaddictspod@gmail.com;SFF Addicts;BOOKS;UK-based SFF podcast;SFF book podcast;-;Podcast;@sffaddicts;INT;bloco05_EN_BOOKS_SFF-01
sffbookreview@gmail.com;SFF Book Review;;"Fantasy/SFF book review blog; pitch free book series with webtoon/game tie-ins.";SFF Book Reviews;1500;Blog;@sffbookreview;INT;bloco05_EN_BOOKS_SFF-01
sffoasis@substack.com;SFF Oasis;US;Free epic fantasy book series with visual webtoon;English — Fantasy Books;4.2K;NEWSLETTER;@sffoasis;INT;bloco05_EN_BOOKS_SFF-01
spicybookdragon.km@gmail.com;spicybookdragon;International;;;;Beacons;@spicybookdragon;INT;bloco05_EN_BOOKS_SFF-01
supersonicmag@gmail.com;Supersonic Magazine;BOOKS;fantasy and speculative fiction;Sci-fi;-;Magazine / web;@SupersonicMag;INT;bloco05_EN_BOOKS_SFF-01
contactthebookbelle@gmail.com;The Bookbelle;BOOKS;Fantasy books;Fantasy books;—;YouTube/Instagram;@contactthebookbelle;INT;bloco05_EN_BOOKS_SFF-01
thebookishrealm@gmail.com;The Bookish Realm;US;Review request focusing on fast-paced standalone sci-fi/fantasy series entries;Fantasy & Sci-Fi BookTube;50K;YOUTUBE;@TheBookishRealm;INT;bloco05_EN_BOOKS_SFF-01
bookwyrmslair@gmail.com;The Bookwyrm's Lair;US;High-action progression fantasy format with instant digital availability;English — Indie Fantasy & Sci-Fi Reviews;≈14K;YOUTUBE;@BookwyrmsLair;INT;bloco05_EN_BOOKS_SFF-01
thefantasyinn@gmail.com;The Fantasy Inn;BOOKS;Indie fantasy and speculative fiction;English;approx 10K;Blog / Podcast;@thefantasyinn;INT;bloco05_EN_BOOKS_SFF-01
thefantasynut@gmail.com;The Fantasy Nut;CA;Worldbuilding deep dive analyzing how indie fantasy settings construct lore maps;Epic Fantasy Book Reviews;22K;YOUTUBE;@TheFantasyNut;INT;bloco05_EN_BOOKS_SFF-01
thelibraryladiesmn@gmail.com;The Library Ladies;and book reviews;YA;Fantasy;-;Blog;@LibraryLadies;INT;bloco05_EN_BOOKS_SFF-01
naijastoryteller@gmail.com;The Nigerian Storyteller;Nigeria;Focus on the narrative depth of the book series tied to the RPG mechanics.;English — Fantasy / SFF book reviewers;12K;YOUTUBE;@naijastoryteller;INT;bloco05_EN_BOOKS_SFF-01
nilebookworm@gmail.com;The Nile Book Worm;Egypt;Offer the free prose action book series.;Arabic/English — Fantasy and graphic novel reviews;9.1K;YOUTUBE;@nilebookworm;INT;bloco05_EN_BOOKS_SFF-01
thequilltolive@gmail.com;The Quill to Live;US;Review copy pipeline checking crossover paths between prose trilogies and webcomics;SFF Speculative Fiction;15K;YOUTUBE;@TheQuillToLive;INT;bloco05_EN_BOOKS_SFF-01
thetomereader@gmail.com;The Tome Reader;US;Indie fantasy series with deep faction lore;English — Epic fantasy book reviews;≈15K;YOUTUBE;@TheTomeReader;INT;bloco05_EN_BOOKS_SFF-01
worldbuildingforge@gmail.com;The Worldbuilding Forge;US;Coordinating vast geographic lore across text, comics, and strategy boards;English — Fantasy Worldbuilding Architecture;≈28K;YOUTUBE;@WorldbuildForge;INT;bloco05_EN_BOOKS_SFF-01
worldbuildingpod@gmail.com;The Worldbuilding Podcast;serialized fiction;collaborative setting creation;Fantasy worldbuilding;Niche worldbuilding audience;Podcast / Spotify;@WorldBuildingPod;INT;bloco05_EN_BOOKS_SFF-01
tomesoffantasy@gmail.com;Tomes of Fantasy;US;Review copy pitch for a 23-year solo project's epic book saga;English — SFF & Indie Book Reviews;≈43K;YOUTUBE;@TomesOfFantasy;INT;bloco05_EN_BOOKS_SFF-01
michael@trackofwords.com;Track of Words;interviews and guest posts;fantasy;Science fiction;474 subscribers;SFF review blog;@track_of_words;INT;bloco05_EN_BOOKS_SFF-01
theunicornblues@gmail.com;Way Too Fantasy;;Pitch the high-stakes fantasy/sci-fi action book series and mention the webtoon as an optional visual companion.;Fantasy and science fiction reviews;Niche blog;Website / Blog;@waytoofantasy;INT;bloco05_EN_BOOKS_SFF-01
revista@windumanoth.com;Windumanoth;tactical RPG and soundtrack;science fiction and horror;Fantasy;-;Magazine/Website/Podcast;@Windumanoth;INT;bloco05_EN_BOOKS_SFF-01
alciffchile@gmail.com;ALCIFF;Chile;Propose the universe as free SFF worldbuilding case for Chilean fantasy and sci-fi community;Chilean science fiction and fantasy literature association;~1.5K Facebook;Website/YouTube/Community;@alciff_chile;INT;bloco05_EN_BOOKS_SFF-02
animeboylkofficial@gmail.com;Anime Boy LK;OST for Sinhala anime fans;Offer Illusion Fight as free anime-style action webtoon with game;Sri Lankan anime discussion and community channel;-;YouTube;@AnimeBoyLK;INT;bloco05_EN_BOOKS_SFF-02
aashleywork@gmail.com;Ashsreads;US;;;;Beacons;@ashsreads;INT;bloco05_EN_BOOKS_SFF-02
abojalad@denofgeek.com;;Managing Editor - pitch interview/feature on 23-year universe building;Geek Culture / TV / Features;;10M+ monthly readers;Website;@denofgeek;INT;bloco07_ao_bloco10
blogcosasfelices@gmail.com;;comics;Geek culture;;-;Website;-;INT;bloco07_ao_bloco10
bnuytwitch@gmail.com;;GAMES;and anime Offer Illusion Fight as free anime/game discovery with character designs and faction lore. GAMES Sweden;;;Twitch;@bnuytwitch;INT;bloco07_ao_bloco10
contact@theindiehive.com;;Pitch the solo development journey spanning over two decades.;Indie developer spotlights;English;approx 7K;Website;@indiehive;INT;bloco07_ao_bloco10
contacto@areajugones.com;;film;anime;Video games;-;Website/Social;@Areajugones;INT;bloco07_ao_bloco10
crustypeachesbiz@gmail.com;;GAMES;Pitch Illusion Fight as a free anime/game/webtoon discovery for manga and gaming audiences. WEBTOON/MANGA;;;Beacons;@crustypeaches;INT;bloco07_ao_bloco10
editor@nerdcaliber.com;;nerd culture;convention coverage;Cosplay photography;≈8.7K Facebook;Website / YouTube / Convention coverage;@nerdcaliber;INT;bloco07_ao_bloco10
emma@fanbolt.com;;movies;geek culture;Fandom;-;Website;@FanBolt;INT;bloco07_ao_bloco10
expertise@rocketcomms.com.au;;comics;cosplay;Australian pop culture convention;≈100K+ social;Convention / Website / Instagram;@ozcomiccon;INT;bloco07_ao_bloco10
heartbitscontacto@gmail.com;;film;technology;Video games;-;Web / Facebook;@HeartbitsVG;INT;bloco07_ao_bloco10
hello@characterdesignreferences.com;;animation;concept art;Character design;≈1M+ community;Website / Facebook / Instagram;@characterdesignreferences;INT;bloco07_ao_bloco10
hello@theindieinformer.com;;reviews;Indie game discovery;;~2K X;Website / Newsletter;@Indie_Informer;INT;bloco07_ao_bloco10
help@icv2.com;;comics;Geek culture business;;-;Website / Trade publication;@ICv2;INT;bloco07_ao_bloco10
indiegamehorizon@gmail.com;;GAMES;Feature on solo developer launch with 23 years of dedication;Indie game discovery across Asia;4100;YouTube;@IndieHorizon;INT;bloco07_ao_bloco10
indiegamepulse@gmail.com;;Lead with the free tactical hex-grid RPG;Indie game discovery/news;;;YouTube;@IndieGamePulse;INT;bloco07_ao_bloco10
info@geekquality.com;;inclusive fandom;Geek culture;;Niche geek culture outlet;Website;@Geekquality;INT;bloco07_ao_bloco10
msullivan@denofgeek.com;;Publisher - pitch the book series and transmedia universe for feature;Geek Culture / Publishing;;10M+ monthly readers;Website;@denofgeek;INT;bloco07_ao_bloco10
narrascope@narrascope.org;;adventure games;IF;Interactive narrative;Niche interactive narrative community;Conference / Website / Itch.io;@narrascope;INT;bloco07_ao_bloco10
pikpiklaura@gmail.com;;GAMES;Story of free indie project created by solo developer over 23 years;Spanish indies and game discovery;-;YouTube;-;INT;bloco07_ao_bloco10
pitches@nerdist.com;;comics;fandom;Genre entertainment;Large pop culture network;Website / YouTube / Social;@nerdist;INT;bloco07_ao_bloco10
prensa@silvergeek.com.mx;;film;manga;Anime;-;Web;@SilverGeekMX;INT;bloco07_ao_bloco10
razorcakewebcomics@gmail.com;;webcomics;punk zine;DIY culture;~6.4K circulation;Zine / Website;@razorcake_zine;INT;bloco07_ao_bloco10
redaccion@revogamers.net;;gamer community;eShop;Nintendo;~12K Facebook;Web / community;@revogamers;INT;bloco07_ao_bloco10
retromation750@gmail.com;;indie strategy;deckbuilders;Roguelikes;287K;YouTube;@Retromation;INT;bloco07_ao_bloco10
theindiegamecafe@gmail.com;;Pitch the free indie tactical hex-grid RPG with 36-track OST;Indie game discovery/recommendations;;;Substack;@indiegamecafe;INT;bloco07_ao_bloco10
tips@denofgeek.com;;comics;TV;Movies;Large pop culture outlet;Website / Magazine / YouTube;@denofgeek;INT;bloco07_ao_bloco10
yvocaro@ladiesgamers.com;;adventure;cozy;Indie;---;Website / Reviews;@ladiesgamers;INT;bloco07_ao_bloco10
cloud@xboxtavern.com;;interviews and ID@Xbox games;features;Xbox reviews;1.5K Facebook;Website / Podcast;@XboxTavern;INT;bloco07_ao_bloco10
contact@vg247.com;;press release;Major UK gaming blog;Video game blog;-;Website;@VG247;INT;bloco07_ao_bloco10
gerald@storyandgame.com;;and games;worldbuilding;Storytelling;≈1.4K;Podcast / YouTube;@StoryAndGame;INT;bloco07_ao_bloco10
info@arcadeattack.co.uk;;retro console coverage;interviews;UK retro gaming podcast;UK retro gaming podcast;Podcast / Website / YouTube;@arcadeattackUK;INT;bloco07_ao_bloco10
info@geeksout.org;;comics;Geek culture;;-;Website / Podcast / Community;@GeeksOUT;INT;bloco07_ao_bloco10
info@lacasadeel.net;;film;manga;Comics;-;Web / podcast;@LaCasaDeEL;INT;bloco07_ao_bloco10
info@rolcondados.com;;factions and tactical RPG as inspiration material for RPG players and podcasters;Focus the universe;RPG community and podcast directory in Spanish;-;Website/Podcast Directory;-;INT;bloco07_ao_bloco10
ludica@mermeladadejuegos.org;;Podcast and community of game creation (video games;Indie games/podcast;;2000;Podcast/Community;@mermeladadejuegos;INT;bloco07_ao_bloco10
mail@classicgamersguild.com;;and story-driven games;adventure;Classic;≈1K;Podcast / YouTube;@ClassicGamersGuild;INT;bloco07_ao_bloco10
nerditud@gmail.com;;series;Geek culture;;-;Web / podcast / community;@nerditud;INT;bloco07_ao_bloco10
podcast@tcgs.co;;pitch indie tactical RPG & OST;UK gaming podcast;UK gaming podcast;-;Podcast;@tcgs;INT;bloco07_ao_bloco10
submit@creativeboom.com;;design;illustration;Creative industries;≈1M+ creatives monthly;Website / Podcast / Newsletter;@creativeboom;INT;bloco07_ao_bloco10
thedebuglog@gmail.com;;webtoon;Pitch the developer/process story behind building one free universe across game;Game development podcast;---;Podcast;@TheDebugLog;INT;bloco07_ao_bloco10
tips@boingboing.net;;Solo creator 23-year transmedia project - perfect DIY creator story pitch for geek culture audience;Geek/DIY/culture blog;;5M+ monthly;Website;@BoingBoing;INT;bloco07_ao_bloco10
warhammerhistoria@gmail.com;;RPG and warlike fantasy;lore;Warhammer;-;Podcast;@WarhammerHistoria;INT;bloco07_ao_bloco10
contact@gamesindustry.biz;;business;analysis;B2B games industry news;130K+ registered users;Website / Newsletter;@GIBiz;INT;bloco07_ao_bloco10
crpgaddict@gmail.com;;turn-based RPG analysis;classic RPGs;CRPGs;-;Blog;@CRPGAddict;INT;bloco07_ao_bloco10
golifepod@gmail.com;;developer interviews;game culture;Game design;-;Podcast / Substack;@sophdeng;INT;bloco07_ao_bloco10
info@pressover.news;;GAMES;Focus on solo development case and free universe as Latin American indie industry story;Spanish-language game journalism and industry;~8K X;Website/Podcast/Newsletter;@PressOverNews;INT;bloco07_ao_bloco10
info@retrolaser.es;;anime and doujinshi;manga;Retro video games;-;Blog;-;INT;bloco07_ao_bloco10
news@cartoonbrew.com;;visual storytelling;animation art;Animation industry;≈300K+ animation audience;Website / Newsletter / Social;@cartoonbrew;INT;bloco07_ao_bloco10
padreyrolero@gmail.com;;Close pitch: free universe with lore;video games and anime;RPG;-;Podcast / blog;@padreyrolero;INT;bloco07_ao_bloco10
redaccion@akihabarablues.com;;gamer culture;indies;Video games;-;Blog / web;@akihabarablues;INT;bloco07_ao_bloco10
submit@itsnicethat.com;;visual culture;animation;Illustration;≈2M+ monthly reach;Website / Instagram / Newsletter;@itsnicethat;INT;bloco07_ao_bloco10
tips@hyperallergic.com;;independent artists;visual culture;Art;Large art/culture outlet;Website / Newsletter / Social;@hyperallergic;INT;bloco07_ao_bloco10
3trpgpod@gmail.com;3T RPG Podcast;factions;Frame the tactical combat;Tabletop RPG discussion and actual play;---;Podcast / YouTube;@3TRPGPodcast;INT;bloco07_ao_bloco10
backwaterttrpg@gmail.com;Backwards Tabletop;faction conflict;Focus on tactical scenario design;TTRPG essays and indie RPG design;---;Website / Newsletter;@backwardstabletop;INT;bloco07_ao_bloco10
cannibalhalflinggaming@gmail.com;Cannibal Halfling Gaming;indie systems;advice;Tabletop RPG reviews;Niche TTRPG audience;Website / X / Facebook;@HungryHalfling;INT;bloco07_ao_bloco10
info@contemplarol.com;ContemplaRol;Angle of free universe for role-playing community: story;events and role-playing culture;RPG;-;Association / community;-;INT;bloco07_ao_bloco10
critacademy@gmail.com;Crit Academy;RPG design;TTRPG product reviews;Dungeons and Dragons advice;-;Podcast / YouTube / Website;@critacademy;INT;bloco07_ao_bloco10
dungeonmasterblock@gmail.com;Dungeon Masters Block;RPG culture;TTRPG worldbuilding;Dungeon Master advice;3.9M downloads;Podcast / Podbean;@DMs_Block;INT;bloco07_ao_bloco10
contacto@ficrol.com;FicRol;GAMES;"Spanish-language narrative roleplay social network; community of story creators";Roleplaying/tabletop RPG;5000;Social Network/App;@ficrol;INT;bloco07_ao_bloco10
graphicpolicy@gmail.com;Graphic Policy;movies;tabletop;Comics;≈15K;Website / YouTube;@graphicpolicy;INT;bloco07_ao_bloco10
happyjacksrpg@gmail.com;Happy Jacks RPG Network;actual play;player advice;GM advice;Niche TTRPG podcast;Podcast / YouTube / Discord;@happyjacksrpg;INT;bloco07_ao_bloco10
hellorhighrollerspodcast@gmail.com;Hell or High Rollers;lore;Pitch the free tactical RPG;British D&D actual-play comedy podcast;-;Podcast / Acast;@hellorhighpod;INT;bloco07_ao_bloco10
lahoradelrol@gmail.com;La Hora del Rol;tactical combat and 36-track OST.;Free resource: faction lore;TTRPG / Community;~500;Podcast;@lahoradelrol;INT;bloco07_ao_bloco10
levelupyourgamingpodcast@gmail.com;Level Up Your Gaming;GAMES;Frame the tactical RPG and worldbuilding as material for RPG culture discussion.;Tabletop RPG discussion;-;Podcast;@levelupyourgaming;INT;bloco07_ao_bloco10
hello@mcdmproductions.com;Matt Colville / MCDM;worldbuilding;TTRPG production;D&D game design;~600K;YouTube;@mcolville;INT;bloco07_ao_bloco10
murderdicepodcast@gmail.com;Murder Dice;tabletop fandom;RPG storytelling;Dungeons and Dragons actual play;-;Podcast;@murderdice;INT;bloco07_ao_bloco10
contacto@nacionrolera.org;Nacion Rolera;GAMES;Angle of narrative universe + tactical RPG for RPG and worldbuilding community;Tabletop RPG and role-playing community;-;Web / community;-;INT;bloco07_ao_bloco10
railroadcasters@gmail.com;Railroad Community Casters Club;GAMES;"Actual-play TTRPG podcast; pitch free tactical RPG universe as campaign/worldbuilding resource.";TTRPG Actual-Play Podcast;1000;Podcast;@railroadcasters;INT;bloco07_ao_bloco10
press@rascal.news;Rascal News;community journalism;indie RPG creators;Tabletop RPG culture;Niche TTRPG journalism;Website / Newsletter / Bluesky;@rascalnews;INT;bloco07_ao_bloco10
roldelos90@gmail.com;Rol de los 90;Pitch the lore and tactical structure as resource for RPG players;reviews and role-playing history;RPG blog;~2.7K Facebook;Blog/Facebook/YouTube;@roldelos90;INT;bloco07_ao_bloco10
rolerocasual@gmail.com;Rolero Casual;campaign narrative and tactical system for RPG listeners;Angle of worldbuilding;Tabletop RPG and role-playing community;-;Podcast;@RoleroCasual;INT;bloco07_ao_bloco10
rolerodecorazon@gmail.com;Rolero de Corazon;factions and free OST to use as inspiration in RPG sessions.;Scenarios;Tabletop RPG / Actual Play;~800;Podcast;@rolerodecorazon;INT;bloco07_ao_bloco10
rolltosavepod@gmail.com;Roll to Save;pitch tactical RPG & free universe;UK RPG podcast;TTRPG podcast;-;Podcast;@rolltosave;INT;bloco07_ao_bloco10
lorekeeper@gmail.com;RPG Lore Keeper NZ;GAMES;TTRPG worldbuilding;Faction conflict + worldbuilding resources;≈2K;YouTube;@rplorekeepernz;INT;bloco07_ao_bloco10
soloroleplayerspodcast@gmail.com;Solo RolePlayers Podcast;GAMES;Pitch the free tactical RPG and its solo-friendly world as a perfect fit for solo RPG audiences.;Solo TTRPG actual play;-;Podcast;@soloroleplayers;INT;bloco07_ao_bloco10
strategydungeon@gmail.com;Strategy Dungeon;GAMES;"Tactical encounters as campaign inspiration; free digital resource";English — Strategy RPG & TTRPG Crossovers;≈31K;YOUTUBE;@StrategyDungeon;INT;bloco07_ao_bloco10
topofthetable2ya@gmail.com;Table-Top Talk;pitch tactical RPG & free universe;UK TTRPG podcast;TTRPG podcast;-;Podcast;@tabletopTalk;INT;bloco07_ao_bloco10
podcast@ttjourneys.com;Tabletop Journeys;and RPG culture;actual play;TTRPG interviews;---;Podcast;@ttjourneys;INT;bloco07_ao_bloco10
contact@tabletopsentinel.com;Tabletop Sentinel;perfect for tactical RPG & worldbuilding angle;UK-based daily news;Tabletop/RPG news;-;Website;@tabletopsentinel;INT;bloco07_ao_bloco10
takingd20@gmail.com;Taking20;36-track OST;Lead with the free tactical hex-grid RPG;TTRPG/D&D advice and discussion;;YouTube;@Taking20;INT;bloco07_ao_bloco10
pr@techraptor.net;TechRaptor;tactics;RPGs;Gaming/tabletop coverage;—;Website;@techraptor;INT;bloco07_ao_bloco10
tempusrol@gmail.com;Tempus Rol;sci-fi and podcast;fantasy;Live roleplay;-;Podcast / community;@tempusrol;INT;bloco07_ao_bloco10
justin@thealexandrian.net;The Alexandrian;scenario structure;game mastery;TTRPG campaign design;≈10K+ niche RPG audience;Blog / Newsletter / Mastodon;@hexcrawl;INT;bloco07_ao_bloco10
dragonpunchsquad@gmail.com;The Dragon Punch Squad;Pitch the free tactical setting;fantasy RPG storytelling;Pathfinder actual play;4.9 Apple / 19 reviews;Podcast;@DragonPunchSquad;INT;bloco07_ao_bloco10
thegmsvault@gmail.com;The GM's Vault;GAMES;Using custom strategy map environments to generate narrative encounters;English — Game Master Resource Collections;≈22K;YOUTUBE;@TheGMsVaultYT;INT;bloco07_ao_bloco10
notrueindian@outlook.com;The Indie RPG Newsletter;creator interviews;podcasts;Indie tabletop RPGs;≈7.6K subscribers;Newsletter / Podcast / Substack;@indierpgnewsletter;INT;bloco07_ao_bloco10
themortalpath@gmail.com;The Mortal Path;free lore;Lead with faction drama;TTRPG actual-play storytelling;---;Podcast;@themortalpath;INT;bloco07_ao_bloco10
thenastytable@gmail.com;The Nasty Table;factions;"Pitch the free tactical RPG as a campaign setting; offer the lore";TTRPG actual play;-;Podcast;@thenastytable;INT;bloco07_ao_bloco10
therpgacademy@gmail.com;The RPG Academy;and gaming community;interviews;Tabletop RPG advice;~3.6K YouTube;Podcast / Website;@TheRpgAcademy;INT;bloco07_ao_bloco10
therpggoblin@gmail.com;The RPG Goblin;factions;Offer the universe as RPG-worldbuilding inspiration with tactical combat;Indie TTRPG exploration and RPG recommendations;~1K;Podcast / Threads;@the.rpg.goblin;INT;bloco07_ao_bloco10
thesmartparty@hotmail.com;The Smart Party;Offer a design-discussion pitch about tactical encounters;GM advice and tabletop roleplaying discussion;UK RPG podcast;-;Podcast / YouTube;@the_smart_party;INT;bloco07_ao_bloco10
strategydm@gmail.com;The Strategy Dungeon Master;GAMES;Transitioning tactical hex-grid video game systems into DM resource;English — Tactical Tabletop & Grid Strategy;≈36K;YOUTUBE;@StrategyDM;INT;bloco07_ao_bloco10
secondbreakfast@tbhalflings.com;Three Black Halflings;diversity in fantasy worlds;pop culture;TTRPG;≈30K+ cross-platform;Podcast / YouTube / TikTok;@tbhalflings;INT;bloco07_ao_bloco10
anitokiotv@gmail.com;Anitokio;WEBTOON/MANGA;Free anime-inspired action IP across webtoon and books;Spanish — Otaku culture;≈19K;YOUTUBE;@AnitokioTV;INT;bloco11_ao_bloco18
cronicasfantasticasyt@gmail.com;Cronicas Fantasticas;BOOKS;Lore-heavy indie fantasy series with optional graphic entry;Spanish — Epic Fantasy/Grimdark;≈34K;YOUTUBE;@CronicasFantasticasYT;INT;bloco11_ao_bloco18
cronistademundos@gmail.com;El Cronista de Mundos;BOOKS;Detailed worldbuilding breakdown of Illusion Fight book universe;Spanish — Epic Fantasy Curation;≈19K;YOUTUBE;@ElCronistaDeMundos;INT;bloco11_ao_bloco18
elvorticegeek@gmail.com;El Vortice Geek;PRESS;Community feature on completely free indie universe alternative;Spanish — Pop culture discussion;≈16K;YOUTUBE;@ElVorticeGeekYT;INT;bloco11_ao_bloco18
fandomsinlimites@gmail.com;Fandom Sin Limites;PRESS;Niche micro-influencer angle focusing on the free 36-track OST;Spanish — Geek culture summaries;≈14K;YOUTUBE;@FandomSinLimites;INT;bloco11_ao_bloco18
setsunarpg@gmail.com;I Am Setsuna RPG;GAMES;Retro tactical combat systems overview comparing hex grids to classic titles;Classic JRPGs & Turn-Based;25K;YOUTUBE;@SetsunaRPG;INT;bloco11_ao_bloco18
indiegameguides@gmail.com;Indie Game Guides;GAMES;Early impressions let us play highlighting strategy progression loops;Indie Walkthroughs & Previews;60K;YOUTUBE;@IndieGameGuides;INT;bloco11_ao_bloco18
mundohexagonal@gmail.com;Mundo Hexagonal;GAMES;Pure tactical gameplay analysis for niche community curators;Spanish — Hex-grid strategy niche;≈6K;YOUTUBE;@MundoHexagonal;INT;bloco11_ao_bloco18
planetaotakutv@gmail.com;Planeta Otaku TV;WEBTOON/MANGA;Cross-media ecosystem starter pack for geek culture audience;Spanish — Pop culture/Otaku;≈17K;YOUTUBE;@PlanetaOtakuTV;INT;bloco11_ao_bloco18
sifaelizabethpoulton@gmail.com;Sifa Elizabeth Reads;YA;sci-fi;Fantasy;435 subscribers listed;Blog;@sifaelizabethreads;INT;bloco11_ao_bloco18
tintafantastica@gmail.com;Tinta Fantastica;BOOKS;Free SFF book series pitch with companion webtoon visuals;Spanish — Fantasy BookTube;≈13K;YOUTUBE;@TintaFantastica;INT;bloco11_ao_bloco18
juegosdeautor@gmail.com;;GAMES;Deep dive into a 23-year solo-dev transmedia ecosystem;Spanish — Solo Dev / Auteur games;≈9K;YOUTUBE;@JuegosDeAutor;INT;bloco19_ao_bloco22
pixeltactico@gmail.com;;GAMES;Turn-based decision-making focus with free soundtrack tie-in;Spanish — Tactical/SRPG niche;≈5K;YOUTUBE;@PixelTactico;INT;bloco19_ao_bloco22
turnocritico@gmail.com;;GAMES;Review coverage for free hex-grid tactical tactical title;Spanish — Turn-based strategy news;≈15K;YOUTUBE;@TurnoCritico;INT;bloco19_ao_bloco22
mangablocks@gmail.com;;WEBTOON/MANGA;Visual breakdown of webtoon artwork and transmedia depth;Spanish — Manga curation;≈8K;YOUTUBE;@MangaBlocks;INT;bloco19_ao_bloco22
mangasconsal@gmail.com;;WEBTOON/MANGA;Indie webtoon review request + fantasy book connection;Spanish — Manga/Webtoon Reviews;≈12K;YOUTUBE;@MangasConSal;INT;bloco19_ao_bloco22
artdelabd@gmail.com;;WEBTOON/MANGA;Visual storytelling breakdown of action webtoon;French — Comic art analysis and webtoons;≈18K;YOUTUBE;@ArtDeLaBD;INT;bloco19_ao_bloco22
aventureinde@gmail.com;;GAMES;23-year solo developer chronicle launch story with free assets;French — Indie Game Discovery;≈38K;YOUTUBE;@aventureinde;INT;bloco19_ao_bloco22
bdetcompagnie@gmail.com;;WEBTOON/MANGA;Free digital webtoon entry door for graphic novel fans;French — Bande dessinée and independent art;≈29K;YOUTUBE;@BDEtCompagnie;INT;bloco19_ao_bloco22
cercledeslivres@gmail.com;;BOOKS;Free fantasy novel series with companion graphic art;French — Fantasy and SFF book reviews;≈4K;YOUTUBE;@LeCercleDesLivres;INT;bloco19_ao_bloco22
coindeslivres@gmail.com;;BOOKS;Free fantasy novel series with companion graphic art;French — Fantasy and SFF book reviews;≈5K;YOUTUBE;@LeCoinDesLivres;INT;bloco19_ao_bloco22
creationanime@gmail.com;;FILM;Stylized layouts and original character sheets for animation fans;French — Independent Animation & Shorts;≈29K;YOUTUBE;@creationanime;INT;bloco19_ao_bloco22
dakarotaku@gmail.com;;WEBTOON/MANGA;Global South solo dev, 23 years, free action webtoon/RPG universe.;French — Anime, manga, and otaku culture;8.5K;YOUTUBE;@dakarotakuhub;INT;bloco19_ao_bloco22
geekzone.contact@gmail.com;;WEBTOON/MANGA;Manga-inspired visual landscape with standalone soundtrack score;French — Anime & Otaku Channels;≈34K;YOUTUBE;@geekzone_fr;INT;bloco19_ao_bloco22
pixelsolitaire@gmail.com;;GAMES;Creator/interview angle detailing the 23-year solo transmedia project build;French — Indie gaming and creator-focused interviews;≈7K;YOUTUBE;@PixelSolitaire;INT;bloco19_ao_bloco22
rayonfantasy@gmail.com;;BOOKS;Free digital epic prose series integrated with graphic assets;French — Fantasy BookTube Reviews;≈9.4K;YOUTUBE;@rayonfantasy;INT;bloco19_ao_bloco22
recitsfantastiques@gmail.com;;BOOKS;Pitch the high-stakes fantasy worldbuilding, explicit faction conflicts, and free availability;French — Fantasy lore, books, and adaptations;≈21K;YOUTUBE;@RecitsFantastiques;INT;bloco19_ao_bloco22
romandindie@gmail.com;;BOOKS;Free action-fantasy book series with illustration;French — Indie books and web novel reviews;≈4K;YOUTUBE;@LeRomanDIndie;INT;bloco19_ao_bloco22
buecherdrache@outlook.de;;BOOKS;Grimdark action prose series with webtoon visuals;German — Dark fantasy and indie books;≈4K;YOUTUBE;@BuecherDrache;INT;bloco23_ao_bloco24
gamescorede@gmail.com;;MUSIC;36-track original orchestration for indie RPG;German — Game music and sound design;≈9K;YOUTUBE;@GameScoreDE;INT;bloco23_ao_bloco24
mangabunker@gmail.com;;WEBTOON/MANGA;Free action webtoon suited for shonen audiences;German — Manga unboxings and breakdowns;≈16K;YOUTUBE;@MangaBunker;INT;bloco23_ao_bloco24
mangauniversum@gmail.com;;WEBTOON/MANGA;Free action webtoon with rich serialized prose;German — Manga collections and reviews;≈19K;YOUTUBE;@MangaUniversum;INT;bloco23_ao_bloco24
mangavaultde@gmail.com;;WEBTOON/MANGA;Free action webtoon for shonen/seinen demographic;German — Manga collections and suggestions;≈17K;YOUTUBE;@MangaVaultDE;INT;bloco23_ao_bloco24
otakustube@gmail.com;;WEBTOON/MANGA;Free action webtoon with deep character factions;German — Anime analysis and manga tips;≈15K;YOUTUBE;@OtakuStube;INT;bloco23_ao_bloco24
support@manga-passion.de;;WEBTOON/MANGA;Indie transmedia universe with high-quality webtoon;German — Manga industry news and reviews;≈33K;YOUTUBE;@MangaPassionDE;INT;bloco23_ao_bloco24
taktikfokus@gmail.com;;GAMES;Lead with the free tactical hex-grid gameplay mechanics and deep world systems;German — Turn-Based strategy RPGs and tactical games;≈13K;YOUTUBE;@TaktikFokus;INT;bloco23_ao_bloco24
animehubit@gmail.com;Anime Hub IT;WEBTOON/MANGA;Manga style faction warfare in free webtoon;Italian — Anime recaps and video essays;≈21K;YOUTUBE;@AnimeHubIT;INT;bloco23_ao_bloco24
animeplanetit@gmail.com;Anime Planet IT;WEBTOON/MANGA;Manga style faction warfare in free webtoon;Italian — Anime recaps and video essays;≈22K;YOUTUBE;@AnimePlanetIT;INT;bloco23_ao_bloco24
archiviodelgdr@gmail.com;Archivio del GDR;GAMES;Free scenario structures and deep dark fantasy faction blueprints;Italian — Tabletop RPG Communities;≈12K;YOUTUBE;@archiviodelgdr;INT;bloco23_ao_bloco24
fumettidautore@gmail.com;Fumetti d'Autore Recensioni;WEBTOON/MANGA;Free access independent webtoon with deep background narrative;Italian — Fumetto & Comic Curators;≈24K;YOUTUBE;@fumettidautore;INT;bloco23_ao_bloco24
geeklabit@gmail.com;Geek Lab IT;PRESS;Transmedia launch of free tactical RPG and books;Italian — Geek culture and indie gaming;≈12K;YOUTUBE;@GeekLabIT;INT;bloco23_ao_bloco24
archiviomanga@outlook.it;L'Archivio Manga;WEBTOON/MANGA;Frame Illusion Fight as a free action webtoon/book universe for manga readers;Italian — Manga reading recommendations and culture;≈27K;YOUTUBE;@ArchivioManga;INT;bloco23_ao_bloco24
tanadelnerd@gmail.com;La Tana del Nerd;PRESS;Free transmedia indie action universe review copy;Italian — Geek culture, gaming and comics;≈15K;YOUTUBE;@TanaDelNerdIt;INT;bloco23_ao_bloco24
nerdhubit@gmail.com;Nerd Hub IT;PRESS;Transmedia launch of free tactical RPG and books;Italian — Geek culture and indie gaming;≈15K;YOUTUBE;@NerdHubIT;INT;bloco23_ao_bloco24
nerdzoneit@gmail.com;Nerd Zone IT;PRESS;Free tactical hex-grid RPG and lore books;Italian — Pop culture and indie games;≈13K;YOUTUBE;@NerdZoneIT;INT;bloco23_ao_bloco24
otakuworldit@gmail.com;Otaku World IT;WEBTOON/MANGA;Shonen style faction warfare in free webtoon;Italian — Anime video essays and recaps;≈27K;YOUTUBE;@OtakuWorldIT;INT;bloco23_ao_bloco24
storiedigioco@gmail.com;StorieDiGioco;BOOKS;Guest/story angle detailing how to write and coordinate one universe across formats;Italian — Storytelling, narrative structure, and games;≈3K;YOUTUBE;@StorieDiGioco;INT;bloco23_ao_bloco24
vgmitalia@gmail.com;VGM Italia;MUSIC;Deep dive into 36-track original indie score;Italian — Game music and composition reviews;≈6K;YOUTUBE;@VGMItalia;INT;bloco23_ao_bloco24
